Title,Speakers,Talk URL,Talk Thumbnail URL
Role of Palliative Care in times of Covid-19: Dr M R Rajagopal,[Dr M R Rajagopal],http://www.inktalks.com/discover/1051/role-of-palliative-care-in-times-of-covid-19-dr-m-r-rajagopal,https://inktalks-prod.s3.amazonaws.com/img/Rajagopal.jpg
Maintaining an ethical stand in clinical trials: Meena Dalal,[Meena Dalal],http://www.inktalks.com/discover/1050/maintaining-an-ethical-stand-in-clinical-trials-meena-dalal,https://inktalks-prod.s3.amazonaws.com/img/Meenal-Dalal.jpg
Impact of the pandemic on animals: Dr Pavan Kumar,[Dr Pavan Kumar],http://www.inktalks.com/discover/1049/impact-of-the-pandemic-on-animals-dr-pavan-kumar,https://inktalks-prod.s3.amazonaws.com/img/Pawan-Kumar.jpg
Awareness is the first step to safety : Dr Jagdish Chaturvedi,[Dr Jagdish Chaturvedi],http://www.inktalks.com/discover/1048/awareness-is-the-first-step-to-safety-dr-jagdish-chaturvedi,https://inktalks-prod.s3.amazonaws.com/img/Jagdish.jpg
Use your power responsibly: Ragini Dwivedi,[Ragini Dwivedi],http://www.inktalks.com/discover/1047/use-your-power-responsibly-ragini-dwivedi,https://inktalks-prod.s3.amazonaws.com/img/Ragini.jpg
Not physical distancing but social cohesion: Dr Giridhara Babu,[Dr Giridhara Babu],http://www.inktalks.com/discover/1045/not-physical-distancing-but-social-cohesion-dr-giridhara-babu,https://inktalks-prod.s3.amazonaws.com/img/Girdhar.jpg
What role can corporates play in the time of the pandemic? : Minol Ajekar,[Minol Ajekar],http://www.inktalks.com/discover/1044/what-role-can-corporates-play-in-the-time-of-the-pandemic-minol-ajekar,https://inktalks-prod.s3.amazonaws.com/img/Minol.jpg
How can Indian governance step up in the time of the pandemic? : Simar Suri,[Simar Suri],http://www.inktalks.com/discover/1043/how-can-indian-governance-step-up-in-the-time-of-the-pandemic-simar-suri,https://inktalks-prod.s3.amazonaws.com/img/Simran-puri.jpg
International trade relations in the face of the pandemic: Gitesh Agarwal,[Gitesh Agarwal],http://www.inktalks.com/discover/1042/international-trade-relations-in-the-face-of-the-pandemic-gitesh-agarwal,https://inktalks-prod.s3.amazonaws.com/img/Girish-Agarwal.jpg
Challenges of the health workers in a pandemic : Dr. Vijay Raju Krupesh,[Dr. Vijay Raju Krupesh],http://www.inktalks.com/discover/1040/challenges-of-the-health-workers-in-a-pandemic-dr-vijay-raju-krupesh,https://inktalks-prod.s3.amazonaws.com/img/Vijay.jpg
Innovating for Covid-19: Vaibhav Chhabra and Nitesh Jangir,['Vaibhav Chhabra'],http://www.inktalks.com/discover/1039/innovating-for-covid-19-vaibhav-chhabra-and-nitesh-jangir,https://inktalks-prod.s3.amazonaws.com/img/Image-7.jpg
Global perspectives on Covid-19: Juan Pablo Trujillo,[Juan Pablo Trujillo],http://www.inktalks.com/discover/1038/global-perspectives-on-covid-19-juan-pablo-trujillo,https://inktalks-prod.s3.amazonaws.com/img/Juan.jpg
Embracing renewable energy in post COVID-19 world: Balki Iyer,['Balki Iyer'],http://www.inktalks.com/discover/1037/embracing-renewable-energy-in-post-covid-19-world-balki-iyer,https://inktalks-prod.s3.amazonaws.com/img/Balki.jpg
India's medical preparedness to fight the COVID: Vishal Rao,[Vishal Rao],http://www.inktalks.com/discover/1036/india-s-medical-preparedness-to-fight-the-covid-vishal-rao,https://inktalks-prod.s3.amazonaws.com/img/Vishal-Roa2.jpg
India’s lockdown strategy: Dr. Vishal Rao,[Dr. Vishal Rao],http://www.inktalks.com/discover/1035/india-s-lockdown-strategy-dr-vishal-rao,https://inktalks-prod.s3.amazonaws.com/img/Vishal-Rao.jpg
What are our laws in the time of a pandemic? : K V Dhananjay,[K V Dhananjay],http://www.inktalks.com/discover/1034/what-are-our-laws-in-the-time-of-a-pandemic-k-v-dhananjay,https://inktalks-prod.s3.amazonaws.com/img/VK-1.jpg
Food industry in times of Covid: Pooja Dhingra,['Pooja Dhingra'],http://www.inktalks.com/discover/1033/Food%20industry%20in%20times%20of%20Covid%3A%20Pooja%20Dhingra,https://inktalks-prod.s3.amazonaws.com/img/Pooja.jpg
 Sabika Abbas Naqvi: Reclaiming public spaces through poetry,['Sabika Abbas Naqvi'],http://www.inktalks.com/discover/1031/sabika-abbas-naqvi-reclaiming-public-spaces-through-poetry,https://inktalks-prod.s3.amazonaws.com/img/Sabika.jpg
Inge De Lathauwer: Turning Tourism into a Force for Good,['Inge De Lathauwer'],http://www.inktalks.com/discover/1030/inge-de-lathauwer-turning-tourism-into-a-force-for-good,https://inktalks-prod.s3.amazonaws.com/img/Inge.jpg
Kaki: The Songstress of Thar,['Kaki -'],http://www.inktalks.com/discover/1029/kaki-the-songstress-of-thar,https://inktalks-prod.s3.amazonaws.com/img/kaki.jpg
Meeta Pandit: Taking classical music to the masses,['Meeta Pandit'],http://www.inktalks.com/discover/1028/meeta-pandit-taking-classical-music-to-the-masses,https://inktalks-prod.s3.amazonaws.com/img/meeta.jpg
PC Musthafa: From Getting One Meal a Day to Feeding Millions with Minimal Waste,['Musthafa PC'],http://www.inktalks.com/discover/1018/pc-musthafa-from-getting-one-meal-a-day-to-feeding-millions-with-minimal-waste,https://inktalks-prod.s3.amazonaws.com/img/PC-Ink.png
Prashant Gade: Doing more with less,['Prashant Gade '],http://www.inktalks.com/discover/1027/prashant-gade-doing-more-with-less,https://inktalks-prod.s3.amazonaws.com/img/prashant.jpg
Mahesh Bhupathi & Lara Dutta: What makes a superstar,['Mahesh Bhupathi'],http://www.inktalks.com/discover/1026/mahesh-bhupathi-lara-dutta-what-makes-superstars,https://inktalks-prod.s3.amazonaws.com/img/lara.png
"Samar Farooqui: Learning to trust oneself, through slacklining",['Samar Farooqui'],http://www.inktalks.com/discover/1025/samar-farooqui-learning-to-trust-oneself-through-slacklining,https://inktalks-prod.s3.amazonaws.com/img/Samir.png
Utkarsh Amitabh: The Power of Community,['Utkarsh Amitabh '],http://www.inktalks.com/discover/1024/utkarsh-amitabh-the-power-of-community,https://inktalks-prod.s3.amazonaws.com/img/Utkarsh.png
Anurag Hoon: Learning through music,['Anurag Hoon'],http://www.inktalks.com/discover/1023/anurag-hoon-learning-through-music,https://inktalks-prod.s3.amazonaws.com/img/Anurag.png
Farhana and Farzana Haque: Breaking new ground while staying rooted,['Farzana Haque'],http://www.inktalks.com/discover/1021/farhana-and-farzana-haque-breaking-new-ground-while-staying-rooted,https://inktalks-prod.s3.amazonaws.com/img/farhana.png
Farhana and Farzana Haque:: Breaking new ground while staying rooted,['Farhana Haque'],http://www.inktalks.com/discover/1022/farhana-and-farzana-haque-breaking-new-ground-while-staying-rooted-1,https://inktalks-prod.s3.amazonaws.com/img/farhana.png
Albert Lin: The chance of rebirth should be distributed evenly,['Albert  Lin'],http://www.inktalks.com/discover/1019/albert-lin-the-chance-of-rebirth-should-be-distributed-evenly,https://inktalks-prod.s3.amazonaws.com/img/Albert-INk.png
Shonali Bose : My Sky...,['SHONALI BOSE'],http://www.inktalks.com/discover/1017/shonali-bose-my-sky,https://inktalks-prod.s3.amazonaws.com/img/Shonali-Thumb.png
Alexander Bard: The End of Capitalism,['Alexander Bard'],http://www.inktalks.com/discover/1016/alexander-bard-the-end-of-capitalism,https://inktalks-prod.s3.amazonaws.com/img/Alexander_Bard-1.jpg
George Papandreou: What does it take to be a global leader?,['George A. Papandreou'],http://www.inktalks.com/discover/1015/george-papandreou-what-does-it-take-to-be-a-global-leader,https://inktalks-prod.s3.amazonaws.com/img/George_Papandreou-1.jpg
Tiffany Brar: Invoking Hope and Creating Opportunities for the Blind,['Tiffany Brar'],http://www.inktalks.com/discover/1014/tiffany-brar-invoking-hope-and-creating-opportunities-for-the-blind,https://inktalks-prod.s3.amazonaws.com/img/tiffany.png
Orin Hardy: The Ingenuity of Bamboo for Sustainability,['Orin Hardy '],http://www.inktalks.com/discover/1012/orin-hardy-the-ingenuity-of-bamboo-for-sustainability,https://inktalks-prod.s3.amazonaws.com/img/1-Ink.png
Becoming a Winner,['Ritu Soni Srivastava'],http://www.inktalks.com/discover/1011/becoming-a-winner,https://s3.amazonaws.com/VideoThumbnails/INK2018talks/Ritu+Soni+Srivastava.jpg
An Airbnb of home-dining experiences,['Munaf Kapadia'],http://www.inktalks.com/discover/1010/an-airbnb-of-home-dining-experiences,https://s3.amazonaws.com/VideoThumbnails/INK2018talks/Munaf+Kapadia.jpg
The youth must be part of the leadership,['Jess Teutonico'],http://www.inktalks.com/discover/1009/the-youth-must-be-part-of-the-leadership,https://s3.amazonaws.com/VideoThumbnails/INK2018talks/Jess+Teutonico.jpg
Making home-healthcare accessible and affordable,['Siddharth Nair'],http://www.inktalks.com/discover/1008/making-home-healthcare-accessible-and-affordable,https://s3.amazonaws.com/VideoThumbnails/INK2018talks/Siddharth+Nair.jpg
A world with knowledge and information set free,['Priya Kuber'],http://www.inktalks.com/discover/1007/a-world-with-knowledge-and-information-set-free,https://s3.amazonaws.com/VideoThumbnails/INK2018talks/Priya+Kuber.jpg
Providing early health intervention in resource-poor settings,['Nitin Sisodia'],http://www.inktalks.com/discover/1006/providing-early-health-intervention-in-resource-poor-settings,https://s3.amazonaws.com/VideoThumbnails/INK2018talks/Nitin+Sisodia.jpg
Poetry in Images,['Bina Sarkar'],http://www.inktalks.com/discover/1005/poetry-in-images,https://s3.amazonaws.com/VideoThumbnails/INK2018talks/Bina+Sarkar+Ellias.jpg
Technology to turn Tragedies into Triumph,['Ramesh Rao'],http://www.inktalks.com/discover/1004/technology-to-turn-tragedies-into-triumph,https://s3.amazonaws.com/VideoThumbnails/INK2018talks/Ramesh+Rao.jpg
Unraveling the Microscopic World of DNA,['Anjana. Badrinarayanan'],http://www.inktalks.com/discover/1003/unraveling-the-microscopic-world-of-dna,https://s3.amazonaws.com/VideoThumbnails/INK2018talks/Anjana+Badrinarayanan.jpg
Hope for Clean Water,['Charlene Ren'],http://www.inktalks.com/discover/1002/hope-for-clean-water,https://s3.amazonaws.com/VideoThumbnails/INK2018talks/Charlene+Ren.jpg
Balancing Polarities,['Vaibhav Lodha'],http://www.inktalks.com/discover/1001/balancing-polarities,https://s3.amazonaws.com/VideoThumbnails/INK2018talks/Vaibhav+Lodha.jpg
Using Blockchain Technology to create a Free Economy,['Shikha Mehra'],http://www.inktalks.com/discover/1000/using-blockchain-technology-to-create-a-free-economy,https://s3.amazonaws.com/VideoThumbnails/INK2018talks/SHIKHA+MEHRA.jpg
What makes games fun?,['Zain Memon'],http://www.inktalks.com/discover/999/what-makes-games-fun,https://s3.amazonaws.com/VideoThumbnails/INK2018talks/Zain+Memon.jpg
Building India into a Product Nation,['Girish Mathrubootham'],http://www.inktalks.com/discover/998/building-india-into-a-product-nation-1,https://s3.amazonaws.com/VideoThumbnails/Girish+Mathrubootham.jpg
‘Settling down’ is an epidemic,['Vivek Bhargava '],http://www.inktalks.com/discover/996/settling-down-is-an-epidemic,https://s3.amazonaws.com/VideoThumbnails/Vivek+Bhargava.jpg
What Makes Us Human?,['Nirman Dave'],http://www.inktalks.com/discover/995/what-makes-us-human,https://s3.amazonaws.com/VideoThumbnails/Nirman+Dave.jpg
Cultivating India’s Art Heritage,['Aparajita Jain'],http://www.inktalks.com/discover/994/cultivating-india-s-art-heritage,https://s3.amazonaws.com/VideoThumbnails/Aparajita+Jain.jpg
From ideas to iTunes,['Navneeth Sundar'],http://www.inktalks.com/discover/993/from-ideas-to-itunes,https://s3.amazonaws.com/VideoThumbnails/Navneeth+Sundar.jpg
The Need for Cyber Resilience,['Jonathan Reiber'],http://www.inktalks.com/discover/992/the-need-for-cyber-resilience,https://s3.amazonaws.com/VideoThumbnails/Jonathan+Reiber.jpg
Giving the LGBTQ community their due,['Anjali Gopalan'],http://www.inktalks.com/discover/991/giving-the-lgbtq-community-their-due,https://s3.amazonaws.com/VideoThumbnails/Anjali+Gopalan.jpg
Sister Jesme: Find the Power Within You,['Dr Sr Jesme '],http://www.inktalks.com/discover/990/sister-jesme-find-the-power-within-you,https://s3.amazonaws.com/VideoThumbnails/Sister+Jesme.jpg
Hanif Kureshi: Reclaiming the streets to create art for all,['Hanif Kureshi'],http://www.inktalks.com/discover/989/hanif-kureshi-reclaiming-the-streets-to-create-art-for-all,https://s3.amazonaws.com/VideoThumbnails/Hanif+Kureshi.jpg
Haleem Khan: Breaking Barriers,['Haleem Khan'],http://www.inktalks.com/discover/988/haleem-khan-breaking-barriers,https://s3.amazonaws.com/VideoThumbnails/Haleem+Khan+(1).jpg
Ankit Agarwal: Be the change you want to see,['Ankit Agarwal'],http://www.inktalks.com/discover/987/ankit-agarwal-be-the-change-you-want-to-see,https://s3.amazonaws.com/VideoThumbnails/Ankit+Agarwal.jpg
Yang Shih Hao: The Cyr-wheel Wonder,['Yang Shih-Hao'],http://www.inktalks.com/discover/986/yang-shih-hao-the-cyr-wheel-wonder,https://s3.amazonaws.com/VideoThumbnails/Yang+Shih+Hao.jpg
Gary Bencheghib: Be Bold in Fighting What You Believe In,['Gary Bencheghib'],http://www.inktalks.com/discover/985/gary-bencheghib-be-bold-in-fighting-what-you-believe-in,https://s3.amazonaws.com/VideoThumbnails/Gary+Bencheghib.jpg
Devdutt Pattanaik: What Makes us Valuable?,['Devdutt Pattanaik'],http://www.inktalks.com/discover/984/devdutt-pattanaik-what-makes-us-valuable,https://s3.amazonaws.com/VideoThumbnails/Devdutt+Pattanaik.jpg
Stefania Magidson: Blueprint for Social Entrepreneurship,['Stefania Magidson'],http://www.inktalks.com/discover/983/stefania-magidson-blueprint-for-social-entrepreneurship,https://s3.amazonaws.com/VideoThumbnails/Stefania+Magidson.jpg
Creating a world of empathy,['Wendy Calhoun'],http://www.inktalks.com/discover/982/creating-a-world-of-empathy,https://s3.amazonaws.com/VideoThumbnails/Wendy+Calhoun.jpg
Imagining the Future of Technology,['Bharat Kaul'],http://www.inktalks.com/discover/981/imagining-the-future-of-technology,https://s3.amazonaws.com/VideoThumbnails/Bharat+Kaul.jpg
Technology for Good is the way ahead,['Sanjay Podder'],http://www.inktalks.com/discover/980/technology-for-good-is-the-way-ahead,https://s3.amazonaws.com/VideoThumbnails/Sanjay+Podder.jpg
Technology to disrupt the world,['Tony Fadell'],http://www.inktalks.com/discover/979/technology-to-disrupt-the-world,https://s3.amazonaws.com/VideoThumbnails/Tony+Fadell.jpg
Cultivate a Life of Wellbeing,['Sunny Singh'],http://www.inktalks.com/discover/978/cultivate-a-life-of-wellbeing,https://s3.amazonaws.com/VideoThumbnails/Sunny+Singh.jpg
Inaugural Address at INK Conference 2018,[Shri M Venkaiah Naidu],http://www.inktalks.com/discover/977/inaugural-address-at-ink-conference-2018,https://s3.amazonaws.com/VideoThumbnails/853X480+Shri+M+Venkaiah+Naidu.jpg
Fighting one’s Privilege,['Zuni Chopra'],http://www.inktalks.com/discover/976/fighting-one-s-privilege,https://s3.amazonaws.com/VideoThumbnails/853X480+Zuni+Chopra.jpg
Shoes in a Sari,['Usha Uthup'],http://www.inktalks.com/discover/975/shoes-in-a-sari,https://s3.amazonaws.com/VideoThumbnails/853X480+Usha+Uthup.jpg
Lakshmi Pratury Reimagining Innovation UNYCC 2018,['Lakshmi Pratury'],http://www.inktalks.com/discover/974/lakshmi-pratury-reimagining-innovation-unycc-2018-1,https://s3.amazonaws.com/VideoThumbnails/Lakshmi+Pratury.jpg
 Dr. Romesh Wadhwani shares his Entrepreneurial journey,['Lakshmi Pratury'],http://www.inktalks.com/discover/959/dr-romesh-wadhwani-shares-his-entrepreneurial-journey-1,https://s3.amazonaws.com/VideoThumbnails/Dr.+Romesh+Wadhwani.jpeg
 Spark a love for learning,['Shravya  Reddy'],http://www.inktalks.com/discover/972/spark-a-love-for-learning,https://s3.amazonaws.com/VideoThumbnails/Road-To-GES/Shravya+Reddy.jpg
Stories of courage in circumstance,['Ankit  Durga'],http://www.inktalks.com/discover/971/stories-of-courage-in-circumstance,https://s3.amazonaws.com/VideoThumbnails/Road-To-GES/Ankit+Durga.jpg
Humans and AI to save the world,['Dr. Kalyan Veeramachaneni'],http://www.inktalks.com/discover/970/humans-and-ai-to-save-the-world,https://s3.amazonaws.com/VideoThumbnails/Road-To-GES/Kalyan+Veeramachaneni.jpg
Use your time like a miser,['Advait  Gupt'],http://www.inktalks.com/discover/969/use-your-time-like-a-miser,https://s3.amazonaws.com/VideoThumbnails/Road-To-GES/Advait+Gupt.jpg
How about coffee with an inanimate companion,['Susan Lim'],http://www.inktalks.com/discover/968/how-about-coffee-with-an-inanimate-companion,https://s3.amazonaws.com/VideoThumbnails/Road-To-GES/Susan+Lim.jpg
Using Virtual Reality for mindfulness,['Judith  Amores Fernandez'],http://www.inktalks.com/discover/966/using-virtual-reality-for-mindfulness,https://s3.amazonaws.com/VideoThumbnails/Road-To-GES/Judith+Amores.jpg
Going beyond Boundaries,['A.N  Venugopal'],http://www.inktalks.com/discover/965/going-beyond-boundaries,https://s3.amazonaws.com/VideoThumbnails/Road-To-GES/A+N+Venugopal.jpg
Storytelling through Virtual Reality,['Travis  Wu'],http://www.inktalks.com/discover/964/storytelling-through-virtual-reality,https://s3.amazonaws.com/VideoThumbnails/Road-To-GES/Travis+Wu.jpg
See the wonder in the familiar,['Dia Mehhta Bhupal'],http://www.inktalks.com/discover/963/see-the-wonder-in-the-familiar,https://s3.amazonaws.com/VideoThumbnails/Road-To-GES/Dia+Mehhta.jpg
Making India a sports champion,['Vita Dani'],http://www.inktalks.com/discover/962/making-india-a-sports-champion,https://s3.amazonaws.com/VideoThumbnails/Road-To-GES/Vita+Dani.jpg
There will be no robot apocalypse,['Andra Keay'],http://www.inktalks.com/discover/961/there-will-be-no-robot-apocalypse,https://s3.amazonaws.com/VideoThumbnails/Road-To-GES/Andra+Keay.jpg
 The Art of Being an Idiot,['Gary  Mao'],http://www.inktalks.com/discover/960/gary-mao-the-art-of-being-an-idiot,https://s3.amazonaws.com/VideoThumbnails/Road-To-GES/GaryMao.jpg
Ride the change train,['R. Madhavan'],http://www.inktalks.com/discover/957/R-Madhavan-ride-the-change-train,https://s3.amazonaws.com/VideoThumbnails/Road-To-GES/Madhavan.jpg
The VC Roast by T-Hub,['Jay Krishnan'],http://www.inktalks.com/discover/956/The-vc-roast-by-t-hub,https://s3.amazonaws.com/VideoThumbnails/Road-To-GES/V+C+Roast.jpg
Innovating in agri-business,['Devi  Murthy'],http://www.inktalks.com/discover/954/Devi-Murthy-innovating-in-agri-business,https://s3.amazonaws.com/VideoThumbnails/Road-To-GES/Devi_Murthy.jpg
India's own vernacular social network,['Farid Ahsan'],http://www.inktalks.com/discover/953/Farid-Ahsan-india-s-own-vernacular-social-network,https://s3.amazonaws.com/VideoThumbnails/Road-To-GES/Farid_Ahsan.jpg
Push past the skepticism,['Jai Natarajan'],http://www.inktalks.com/discover/952/Jai-Natarajan-push-past-the-skepticism,https://s3.amazonaws.com/VideoThumbnails/Road-To-GES/Jai_Natarajan.jpg
Going beyond diagnosis and treatment,"['Dr. P. Raghu Ram', 'Raghu Gullapalli', 'Dr. Ananda Shankar Jayant']",http://www.inktalks.com/discover/951/Raghu-Ram-Ananda-Raghu-Gullapalli-going-beyond-diagnosis-and-treatment,https://s3.amazonaws.com/VideoThumbnails/Road-To-GES/Raghu%2C+Raghu%2C+Ananda.jpg
Health is a by-product of enlightenment,['Dr. Suhas G.Kshirsagar'],http://www.inktalks.com/discover/950/Suhas-Kshirsagar-health-is-a-by-product-of-enlightenment,https://s3.amazonaws.com/VideoThumbnails/Road-To-GES/Suhas+Kshirsagar.png
Science is a quest to understand,['Prerna  Sharma'],http://www.inktalks.com/discover/949/Prerna-Sharma-science-is-a-quest-to-understand,https://s3.amazonaws.com/VideoThumbnails/Road-To-GES/Prerna+Sharma.jpg
The next generation water transport,['Sandith  Thandasherry'],http://www.inktalks.com/discover/948/Sandith-Thandasherry-the-next-generation-water-transport,https://s3.amazonaws.com/VideoThumbnails/Road-To-GES/Sandith+Thandasherry.jpg
The Violin Maestro,['Aneesh Vidyashankar'],http://www.inktalks.com/discover/947/Aneesh-Vidyashankar-the-violin-maestro,https://s3.amazonaws.com/VideoThumbnails/Road-To-GES/Aneesh+Vidyashanker.jpg
How to achieve financial inclusiveness,['Prabhat Labh'],http://www.inktalks.com/discover/946/Prabhat-Labh-how-to-achieve-financial-inclusiveness,https://s3.amazonaws.com/VideoThumbnails/Road-To-GES/Prabhat+Labh.jpg
Journeys to passion,"['Pooja Dhingra', 'Yash Dongre', 'Somdev  Devvarman']",http://www.inktalks.com/discover/945/Somdev-Pooja-Yash-journeys-to-passion,https://s3.amazonaws.com/VideoThumbnails/Road-To-GES/Somdev%2C+Pooja+and+Yash.jpg
The digital transformation era,"['Vanitha Narayanan', 'Vikram Kailas']",http://www.inktalks.com/discover/944/Vikram-Kailas-Vanitha-Narayanan-the-digital-transformation-era,https://s3.amazonaws.com/VideoThumbnails/Road-To-GES/Vanitha+Vikram+Panel.jpg
Tailoring technology to education,"['Aditi  Avasthi', 'Saad Nasser', 'Sunil Rao']",http://www.inktalks.com/discover/941/Saad-Nasser-Aditi-Avasthi-tailoring-technology-to-education,https://s3.amazonaws.com/VideoThumbnails/Road-To-GES/Saad+Adithi+Panel.jpg
AI's transformative power,['Nivruti Rai'],http://www.inktalks.com/discover/940/Nivruti-Rai-AI-s-transformative-power,https://s3.amazonaws.com/VideoThumbnails/Road-To-GES/Nivruti+Rai.jpg
My disability is my strength,['Shekar  Naik'],http://www.inktalks.com/discover/939/Shekar-Naik-my-disability-is-my-strength,https://s3.amazonaws.com/VideoThumbnails/Road-To-GES/Shekhar_thumbnail-2.png
Going to Mars,['Gadhadar Reddy'],http://www.inktalks.com/discover/938/Gadhadar-Reddy-going-to-mars,https://s3.amazonaws.com/VideoThumbnails/Road-To-GES/Gadadhar_Reddy.png
India's need of the hour,['Kailash  Satyarthi'],http://www.inktalks.com/discover/937/Kailash-Satyarthi-India-s-need-of-the-hour,https://s3.amazonaws.com/VideoThumbnails/Road-To-GES/Kailash+Satyarthi.png
The society is our lab,['Sanjay Podder'],http://www.inktalks.com/discover/936/Sanjay-podder-the-society-is-our-lab,https://s3.amazonaws.com/VideoThumbnails/Road-To-GES/Sanjay_Podder.png
"Breakthrough, India","['R. Madhavan', 'Amitabh  Kant']",http://www.inktalks.com/discover/935/amitabh-kant-navtej-sarna-r-madhavan-breakthrough-india,https://s3.amazonaws.com/VideoThumbnails/Road-To-GES/Madhavan%2C+Amitabh%2C+Navtej.png
No one can stop an idea whose time has come ,['K. T. Rama Rao'],http://www.inktalks.com/discover/934/KT-Rama-Rao-no-one-can-stop-an-idea-whose-time-has-come,https://s3.amazonaws.com/VideoThumbnails/Road-To-GES/KTR.jpg
From starting Infosys to saving water,['Rohini Nilekani'],http://www.inktalks.com/discover/901/from-starting-infosys-to-saving-water,https://s3.amazonaws.com/VideoThumbnails/INK2016talks/INK2016_Rohini+Nilekani.jpg
Skyfall in a sari,['Usha Uthup'],http://www.inktalks.com/discover/645/usha-uthup-skyfall-in-a-sari,https://s3.amazonaws.com/VideoThumbnails/INK2013talks/Usha_Uthup_INK2013_S5_T8_853X480.jpg
Understanding the 'scale',['G V Keshav Reddy'],http://www.inktalks.com/discover/933/Keshav-Reddy-understanding-the-scale,https://s3.amazonaws.com/VideoThumbnails/INK2016talks/INK2016_Keshav+Reddy.png
Finding my way back to health,['Vishal Gondal'],http://www.inktalks.com/discover/738/vishal-gondal-finding-my-way-back-to-health,https://s3.amazonaws.com/VideoThumbnails/INK2014talks/INK2014_Vishal_Gondal.jpg
Into outer space,['Anousheh Ansari'],http://www.inktalks.com/discover/789/anousheh-ansari-into-outer-space,https://s3.amazonaws.com/VideoThumbnails/INKasia2015talks/INKasia2015_Anousheh_Ansari.jpg
Hungry for impact,['Ritesh Agarwal'],http://www.inktalks.com/discover/917/Ritesh-Agarwal-hungry-for-impact,https://s3.amazonaws.com/VideoThumbnails/INK2016talks/INK2016_Ritesh+Agarwal.png
Unraveling the brain's mysteries ,['Dheeraj Roy'],http://www.inktalks.com/discover/887/unraveling-the-brain-s-mysteries,https://s3.amazonaws.com/VideoThumbnails/INK2016talks/INK2016_Dheeraj+Roy.png
Community bonding through farming,['Allan Lim'],http://www.inktalks.com/discover/932/Allan-Lim-community-bonding-through-farming,https://s3.amazonaws.com/VideoThumbnails/INKAsia2016talks/Allan-Lim_INKAsia2016.png
Changing politics with entrepreneurial spirit,['Jason Hsu'],http://www.inktalks.com/discover/931/Jason-Hsu-changing-politics-with-entrepreneurial-spirit,https://s3.amazonaws.com/VideoThumbnails/INKAsia2016talks/Jason-Hsu_INKAsia2016.png
The next tech for the smart-everything era,['Andrea Colaço'],http://www.inktalks.com/discover/657/andrea-colaco-the-next-tech-for-the-smart-everything-era,https://s3.amazonaws.com/VideoThumbnails/INK2013talks/INK2013_Andrea_Colaco_S9_T3_853X480.jpg
Tinkering scrap into hi-tech gadgets,['Vinay Venkatraman'],http://www.inktalks.com/discover/627/vinay-venkatraman-tinkering-scrap-into-hi-tech-gadgets,https://s3.amazonaws.com/VideoThumbnails/INK2012talks/Vinay_Venkatraman_INK2012_S1T5_853x480.jpg
Nurturing a Beginner's Mind,['Saba Ghole'],http://www.inktalks.com/discover/640/saba-ghole-nurturing-a-beginner-s-mind,https://s3.amazonaws.com/VideoThumbnails/INK2012talks/Saba_Ghole_INK2012_S9T4_853x480.jpg
A powerful lesson on surprise,['Tania Luna'],http://www.inktalks.com/discover/639/tania-luna-a-powerful-lesson-on-surprise,https://s3.amazonaws.com/VideoThumbnails/INK2012talks/Tania_Luna_INK2012_S1T2_853x480.jpg
Empowering the Indonesian Batik community,['Nancy Margried'],http://www.inktalks.com/discover/930/Nancy-Margried-empowering-the-indonesian-batik-community,https://s3.amazonaws.com/VideoThumbnails/INKAsia2016talks/INK+Asia+2016_Nancy+Margried.png
There can be poetry in policy,['Aaron Maniam'],http://www.inktalks.com/discover/929/Aaron-Maniam-there-can-be-poetry-in-policy,https://s3.amazonaws.com/VideoThumbnails/INKAsia2016talks/INK+Asia+2016_Aaron+Maniam.png
Food against fanaticism ,['Subodh Kerkar'],http://www.inktalks.com/discover/858/food-against-fanaticism,https://s3.amazonaws.com/VideoThumbnails/INK2016talks/INK2016_Subodh+Kerkar.jpg
 Insurance is the love letter we write to our families,['Rani Paruchuri'],http://www.inktalks.com/discover/928/Rani-Paruchuri-insurance-is-the-love-letter-we-write-to-our-families,https://s3.amazonaws.com/VideoThumbnails/INKAsia2016talks/Rani+Paruchuri_INKAsia2016.jpg
The battle to eradicate smallpox,[Larry Brilliant ],http://www.inktalks.com/discover/927/Larry-Brilliant-the-battle-to-eradicate-smallpox,https://s3.amazonaws.com/VideoThumbnails/Interviews/Larry+Brilliant+Salon
Gear up for INK Fellows 2018,"['Akshay Nanavati', 'Nirali Kartik', '', 'Shannon Olsson', 'Sanvar Oberoi', 'Vicky Roy', 'Krushnaa Patil']",http://www.inktalks.com/discover/926/gear-up-for-INK-Fellows-2018,https://s3.amazonaws.com/VideoThumbnails/Website+Images/Gear+up+for+INK+Fellows+2018.jpg
Let's create an innovation economy,['Kamran Elahian'],http://www.inktalks.com/discover/925/Kamran-Elahian-lets-create-an-innovation-economy,https://s3.amazonaws.com/VideoThumbnails/INKAsia2016talks/INKAsia2016_Kamran_Elahian.jpg
What does it mean to be old?,['Vladi Ruppo'],http://www.inktalks.com/discover/924/Vladi-Ruppo-what-does-it-mean-to-be-old,https://s3.amazonaws.com/VideoThumbnails/INKAsia2016talks/INKAsia2016_Vladi_Ruppo+.jpg
A talent pool that cannot be ignored,['Neha Bagaria'],http://www.inktalks.com/discover/911/Neha-Bagaria-a-talent-pool-that-cannot-be-ignored,https://s3.amazonaws.com/VideoThumbnails/INK2016talks/INK2016_+Neha+Bagaria.png
The Blues machine,['Ananth Menon'],http://www.inktalks.com/discover/923/Ananth-Menon-the-blues-machine,https://s3.amazonaws.com/VideoThumbnails/INK2016talks/INK+2016_Ananth+Menon.jpg
Financing the last mile,['Thomas John Muthoot'],http://www.inktalks.com/discover/922/Thomas-John-Muthoot-financing-the-last-mile,https://s3.amazonaws.com/VideoThumbnails/INK2016talks/INK+2016_Thomas+Muthoot.jpg
Shame the rapist,['Sunitha Krishnan'],http://www.inktalks.com/discover/921/Sunitha-Krishnan-shame-the-rapist,https://s3.amazonaws.com/VideoThumbnails/INK2016talks/INK2016_Sunitha+Krishnan.jpg
Rethink how we address urbanization,['Anil Menon'],http://www.inktalks.com/discover/920/Anil-Menon-rethink-how-we-address-urbanization,https://s3.amazonaws.com/VideoThumbnails/INK2016talks/INK2016_Anil+Menon.png
Business needs more circus,['Jesko von den Steinen'],http://www.inktalks.com/discover/919/Jesko-von-den-Steinen-business-needs-more-circus,https://s3.amazonaws.com/VideoThumbnails/INK2016talks/INK2016_Jesko+von+den+Steinen.jpg
"Strains of the ""Fado""",['Sonia Shirsat'],http://www.inktalks.com/discover/918/Sonia-Shirsat-strains-of-the-fado,https://s3.amazonaws.com/VideoThumbnails/INK2016talks/INK2016_Sonia+Shirsat.png
Whistling to glory,['Swetha Suresh'],http://www.inktalks.com/discover/916/Swetha-Suresh-whistling-to-glory,https://s3.amazonaws.com/VideoThumbnails/INK2016talks/INK2016_Swetha+Suresh.png
"Bringing back the ancient ""Kalaripayattu""",['Meenakshi Raghavan'],http://www.inktalks.com/discover/915/Meenakshi-Raghavan-bringing-back-the-ancient-kalaripayattu,https://s3.amazonaws.com/VideoThumbnails/INK2016talks/INK2016_Meenakshi+Raghavan.png
Music for a positive message,['Ricky Kej'],http://www.inktalks.com/discover/914/Ricky-Kej-music-for-a-positive-message,https://s3.amazonaws.com/VideoThumbnails/INK2016talks/INK2016_Ricky+Kej
The key for India is radical change,['Amitabh  Kant'],http://www.inktalks.com/discover/913/Amitabh-Kant-the-key-for-india-is-radical-change,https://s3.amazonaws.com/VideoThumbnails/INK2016talks/INK2016_Amitabh+Kant.jpg
Pictures to save our biodiversity,['Prasenjeet Yadav'],http://www.inktalks.com/discover/912/Prasenjeet-Yadav-pictures-to-save-our-biodiversity,https://s3.amazonaws.com/VideoThumbnails/INK2016talks/INK2016_Prasenjeet+Yadav.png
 Get Rich by Redefining Money,['Sekou  Andrews'],http://www.inktalks.com/discover/910/Sekou-Andrews-get-rich-by-redefining-money,https://s3.amazonaws.com/VideoThumbnails/INK2016talks/INK2016_Sekou+Andrews.png
Q&A with Shashi Tharoor: Teenovators 2016 ,[Shashi Tharoor],http://www.inktalks.com/discover/909/q-a-with-shashi-tharoor-teenovators-2016,https://s3.amazonaws.com/VideoThumbnails/Interviews/Teenovators+2016_+Shashi_Tharoor
Music as a tool for social empowerment,['Luis Dias'],http://www.inktalks.com/discover/908/Luis-Dias-Music-as-a-tool-for-social-empowerment,https://s3.amazonaws.com/VideoThumbnails/INK2016talks/INK2016_Luis+Dias.png
The Indian Masterchef,['Kumar Mahadevan'],http://www.inktalks.com/discover/907/the-indian-masterchef,https://s3.amazonaws.com/VideoThumbnails/INK2016talks/INK2016_Kumar+Mahadevan.png
Combining the old with the new in design,['Anubhav Gupta'],http://www.inktalks.com/discover/902/combining-the-old-with-the-new-in-design,https://s3.amazonaws.com/VideoThumbnails/INK2016talks/INK2016_Anubhav+Gupta.png
The league of extraordinary nerds,['Adam Sadowsky'],http://www.inktalks.com/discover/906/the-league-of-extraordinary-nerds,https://s3.amazonaws.com/VideoThumbnails/INK2016talks/INK2016_Adam+Sadowsky.png
New age fintech lending,['Gaurav Hinduja'],http://www.inktalks.com/discover/905/new-age-fintech-lending,https://s3.amazonaws.com/VideoThumbnails/INK2016talks/INK2016_Gaurav+Hinduja.png
The race to challenge myself,['Sandhya Goli'],http://www.inktalks.com/discover/904/the-race-to-challenge-myself,https://s3.amazonaws.com/VideoThumbnails/INK2016talks/INK2016_Sandhya+Goli.jpg
Effort of a lifetime,['Sanjeev Bikhchandani'],http://www.inktalks.com/discover/903/effort-of-a-lifetime,https://s3.amazonaws.com/VideoThumbnails/INK2016talks/INK2016_Sanjeev+Bikhchandani.jpg
"Making healthcare accessible, printable and deployable",['Pratik Shah'],http://www.inktalks.com/discover/900/making-healthcare-accessible-printable-and-deployable,https://s3.amazonaws.com/VideoThumbnails/INK2016talks/INK2016_Pratik+Shah.jpg
The message in my music,['Jill Sobule'],http://www.inktalks.com/discover/898/the-message-in-my-music,https://s3.amazonaws.com/VideoThumbnails/INK2016talks/INK2016_+Jill+Sobule.jpg
Creative experiences for self-expression,['Harshit Agrawal'],http://www.inktalks.com/discover/897/creative-experiences-for-self-expression,https://s3.amazonaws.com/VideoThumbnails/INK2016talks/INK2016_Harshit+Agrawal.jpg
Speak up!,['Anshul Tewari'],http://www.inktalks.com/discover/896/speak-up,https://s3.amazonaws.com/VideoThumbnails/INK2016talks/INK2016_Anshul+Tewari.png
Is Mahatma Gandhi even relevant today?,['Anupam Mishra'],http://www.inktalks.com/discover/895/is-mahatma-gandhi-even-relevant-today,https://s3.amazonaws.com/VideoThumbnails/INK2011talks/Anupam_Mishra_Session_12_05_INK2011.jpg
Breaking the silence,['Heather Blair'],http://www.inktalks.com/discover/894/breaking-the-silence,https://s3.amazonaws.com/VideoThumbnails/INK2016talks/INK2016_Heather+Blair.png
The world of restaurants,['Sameer Seth'],http://www.inktalks.com/discover/892/the-world-of-restaurants,https://s3.amazonaws.com/VideoThumbnails/INK2016talks/INK2016_Sameer+Seth.png
Why is Blockchain a game changer?,['Gavin Wood'],http://www.inktalks.com/discover/891/why-is-blockchain-a-game-changer,https://s3.amazonaws.com/VideoThumbnails/INK2016talks/INK2016_Gavin+Wood.png
Riding your way to health,['Jeroen van de Waal'],http://www.inktalks.com/discover/889/riding-your-way-to-health,https://s3.amazonaws.com/VideoThumbnails/INKAsia2016talks/INK+Asia+2016_Jeroen+van+del+Waal.png
Engaging with the Indian Government,['Madan Padaki'],http://www.inktalks.com/discover/888/engaging-with-the-indian-government,https://s3.amazonaws.com/VideoThumbnails/INK2016talks/INK2016_Madan+Padaki.png
Development is a collective responsibility,['Pallavi Gupta'],http://www.inktalks.com/discover/886/development-is-a-collective-responsibility,https://s3.amazonaws.com/VideoThumbnails/INK2016talks/INK2016_Pallavi+Gupta.png
Stories across time,['Chandan Gomes'],http://www.inktalks.com/discover/885/stories-across-time,https://s3.amazonaws.com/VideoThumbnails/INK2016talks/INK2016_Chandan+Gomes.png
Listen to nature's language,['Shannon Olsson'],http://www.inktalks.com/discover/884/listen-to-nature-s-language,https://s3.amazonaws.com/VideoThumbnails/INK2016talks/INK2016_Shannon+Olsson.png
Which city would you like to see dance?,['Laura Kriefman'],http://www.inktalks.com/discover/883/which-city-would-you-like-to-see-dance,https://s3.amazonaws.com/VideoThumbnails/INK2016talks/INK2016_Laura+Kriefman.png
Migration to digital,['Abhijit Bose '],http://www.inktalks.com/discover/882/migration-to-digital,https://s3.amazonaws.com/VideoThumbnails/INK2016talks/INK2016_Abhijit+Bose.png
Practicing incidental sustainability,['Veerappan Swaminathan'],http://www.inktalks.com/discover/881/practicing-incidental-sustainability,https://s3.amazonaws.com/VideoThumbnails/INK2016talks/INK2016_Veerappan+Swaminathan.png
"What you lack, will make you run",['Shradha Sharma'],http://www.inktalks.com/discover/880/what-you-lack-will-make-you-run,https://s3.amazonaws.com/VideoThumbnails/INK2016talks/INK2016_Shradha+Sharma.png
Breaking the stigma around HIV,['Mahesh Jadav'],http://www.inktalks.com/discover/879/breaking-the-stigma-around-hiv,https://s3.amazonaws.com/VideoThumbnails/INK2016talks/INK2016_Mahesh+Jadav.png
Cure the 'Monday' disease,['Tirthankar Dash'],http://www.inktalks.com/discover/878/cure-the-monday-disease,https://s3.amazonaws.com/VideoThumbnails/INKAsia2016talks/INK+Asia+2016_Tirthankar+Dash.png
Sowing the seeds of change,['Gouri Mirpuri'],http://www.inktalks.com/discover/877/sowing-the-seeds-of-change,https://s3.amazonaws.com/VideoThumbnails/INK2016talks/INK2016_Gouri+Mirpuri.png
Get to give,['Dali and Finn'],http://www.inktalks.com/discover/876/get-to-give,https://s3.amazonaws.com/VideoThumbnails/INK2016talks/INK2016_Dali+and+Finn.png
We are all walking natural history museums,['Kenneth Lacovara'],http://www.inktalks.com/discover/875/we-are-all-walking-natural-history-museums,https://s3.amazonaws.com/VideoThumbnails/INK2016talks/INK2016_Kenneth+Lacovara.png
Find strength in fear,['Akshay Nanavati'],http://www.inktalks.com/discover/874/find-strength-in-fear,https://s3.amazonaws.com/VideoThumbnails/INK2016talks/INK2016_Akshay+Nanavati.png
Transition seamlessly to parenthood,['Pavan Kumar'],http://www.inktalks.com/discover/873/transition-seamlessly-to-parenthood,https://s3.amazonaws.com/VideoThumbnails/INK2016talks/INK2016_Pavan+Kumar.png
Leapfrog into the future,['Ravi Venkatesan'],http://www.inktalks.com/discover/872/leapfrog-into-the-future,https://s3.amazonaws.com/VideoThumbnails/INK2016talks/INK2016_Ravi+Venkatesan.png
Journey to the extraordinary,['C J Meadows'],http://www.inktalks.com/discover/871/journey-to-the-extraordinary,https://s3.amazonaws.com/VideoThumbnails/INK2016talks/INK2016_C+J+Meadows.png
Triggering positive behavior,['Avinash Saurabh'],http://www.inktalks.com/discover/870/triggering-positive-behavior,https://s3.amazonaws.com/VideoThumbnails/INK2016talks/INK2016_Avinash+Saurabh.png
Humanizing technology,['Suranga Nanayakkara'],http://www.inktalks.com/discover/869/humanizing-technology,https://s3.amazonaws.com/VideoThumbnails/INK2016talks/NK2016_Suranga+Nanayakkara.png
Bringing magic into education,['Kenta Koga'],http://www.inktalks.com/discover/868/bringing-magic-into-education,https://s3.amazonaws.com/VideoThumbnails/INK2016talks/INK2016_Kenta+Koga.png
Inclusion in matchmaking,['Kalyani Khona'],http://www.inktalks.com/discover/867/inclusion-in-matchmaking,https://s3.amazonaws.com/VideoThumbnails/INK2016talks/INK2016_Kalyani+Khona.png
Find your pot of gold,['Kunal Shah'],http://www.inktalks.com/discover/866/find-your-pot-of-gold,https://s3.amazonaws.com/VideoThumbnails/INK2016talks/INK2016_Kunal+Shah.png
Redefine your interaction with food,['Jennifer Broutin Farah'],http://www.inktalks.com/discover/865/redefine-your-interaction-with-food,https://s3.amazonaws.com/VideoThumbnails/INK2016talks/INK2016_Jennifer+Farah.png
The Indian startup ecosystem ,['Sunil Rao'],http://www.inktalks.com/discover/864/the-indian-startup-ecosystem,https://s3.amazonaws.com/VideoThumbnails/INK2016talks/INK2016_Sunil+Rao.png
Brave new world,['Susan Lim'],http://www.inktalks.com/discover/863/brave-new-world,https://s3.amazonaws.com/VideoThumbnails/INKAsia2016talks/INKAsia2016_Susan_Lim.png
Rajnikanth inspired unconventional Yogi,['Sarvesh Shashi'],http://www.inktalks.com/discover/862/Rajnikanth-inspired-unconventional-Yogi,https://s3.amazonaws.com/VideoThumbnails/INK2016talks/INK2016_Sarvesh+Shashi.png
A robot will eventually take your job,['Crystal Rose'],http://www.inktalks.com/discover/861/a-robot-will-eventually-take-your-job,https://s3.amazonaws.com/VideoThumbnails/INK2016talks/INK2016_Crystal+Rose.png
Exponential Innovation,['Dale Fox'],http://www.inktalks.com/discover/860/exponential-innovation,https://s3.amazonaws.com/VideoThumbnails/INK2016talks/INK2016_Dale+Fox.png
Experimenting with content ,['Sattvik Mishra'],http://www.inktalks.com/discover/859/experimenting-with-content,https://s3.amazonaws.com/VideoThumbnails/INK2016talks/INK2016_Sattvik+Mishra.jpg
Edible Cutlery,['Narayana Peesapaty'],http://www.inktalks.com/discover/857/edible-cutlery,https://s3.amazonaws.com/VideoThumbnails/INK2016talks/INK2016_Narayana+Peesapaty.jpg
Storytelling through Hip hop ,['Naved Shaikh'],http://www.inktalks.com/discover/856/storytelling-through-hip-hop,https://s3.amazonaws.com/VideoThumbnails/INK2015talks/INK2015_Naved_Shaikh.jpg
Same old new,['Kaushal Dugar'],http://www.inktalks.com/discover/855/same-old-new,https://s3.amazonaws.com/VideoThumbnails/INK2015talks/INK2015_Kaushal_Dugar.jpg
"Filmmaking, Storytelling and Friendship","['Kiran Rao', 'Anand Gandhi']",http://www.inktalks.com/discover/854/filmmaking-storytelling-and-friendship,https://s3.amazonaws.com/VideoThumbnails/INK2015talks/INK+2015_Anand+Gandhi_Kiran+Rao.jpg
Opensourcing the future,['Stuart Candy'],http://www.inktalks.com/discover/853/opensourcing-the-future,https://s3.amazonaws.com/VideoThumbnails/INK2015talks/INK+2015_Stuart_Candy.jpg
Questioning authority,['KP  Mohanan'],http://www.inktalks.com/discover/852/questioning-authority,https://s3.amazonaws.com/VideoThumbnails/INK2015talks/INK+2015_KP_Mohanan.jpg
Meet your Butler ,['Priyanka Kohli'],http://www.inktalks.com/discover/851/meet-your-butler,https://s3.amazonaws.com/VideoThumbnails/INK2015talks/INK2015_Priyanka_Kohli.jpg
Disrupting India ,['Mohandas Pai'],http://www.inktalks.com/discover/850/disrupting-india,https://s3.amazonaws.com/VideoThumbnails/INK2015talks/INK2015_Mohandas_Pai.jpg
The lowdown on building ecocities,['Neville Mars'],http://www.inktalks.com/discover/849/the-lowdown-on-building-ecocities,https://s3.amazonaws.com/VideoThumbnails/INKAsia2016talks/INK-Asia2016_Neville_Mars.jpg
Technology takes the wheel,['Dhairya Dand'],http://www.inktalks.com/discover/848/technology-takes-the-wheel,https://s3.amazonaws.com/VideoThumbnails/INK2014talks/INK2014_Dhariya-Dand.png
Redefining the act of charity,['Samyak Chakrabarty'],http://www.inktalks.com/discover/847/redefining-the-act-of-charity,https://s3.amazonaws.com/VideoThumbnails/INK2015talks/INK2015_Samyak_Chakrabarty.jpg
The role of money in our lives,['Min Xuan Lee'],http://www.inktalks.com/discover/846/the-role-of-money-in-our-lives,https://s3.amazonaws.com/VideoThumbnails/INKAsia2016talks/INK-Asia2016_Min-Xuan-Lee.jpg
Heroism in Translation,['Sharad Devarajan'],http://www.inktalks.com/discover/845/heroism-in-translation,https://s3.amazonaws.com/VideoThumbnails/INKAsia2016talks/INK-Asia2016_Sharad_Devarajan.jpg
Ethics in governance and giving back to society,['Mukund Rajan'],http://www.inktalks.com/discover/843/ethics-in-governance-and-giving-back-to-society,https://s3.amazonaws.com/VideoThumbnails/Interviews/YPO-chennai_Mukund-Rajan.png
Personalized cancer treatment,['Ramanuj Dasgupta'],http://www.inktalks.com/discover/842/personalized-cancer-treatment,https://s3.amazonaws.com/VideoThumbnails/INKAsia2016talks/INK-Asia2016_Ramanuj_Dasgupta.jpg
Utilizing nature's blueprint ,['Shawn Hoon'],http://www.inktalks.com/discover/841/Shawn-hoon-utilizing-natures-blueprint,https://s3.amazonaws.com/VideoThumbnails/INKAsia2016talks/INK2015_Shawn_Hoon.jpg
Blockchain technology,['Brock Pierce'],http://www.inktalks.com/discover/840/brock-pierce-blockchain-technology,https://s3.amazonaws.com/VideoThumbnails/INKAsia2016talks/INKAsia2016_Brock_Pierce.jpg
Your online emotional support system,['Richa Singh'],http://www.inktalks.com/discover/839/richa-singh-your-online-emotional-support-system,https://s3.amazonaws.com/VideoThumbnails/INK2015talks/INK2015_Richa-Singh.jpg
How to withstand a cyberattack,['Jonathan Reiber'],http://www.inktalks.com/discover/837/jonathan-reiber-how-to-withstand-a-cyberattack,https://s3.amazonaws.com/VideoThumbnails/INKAsia2016talks/Jonathan_Reiber_INKAsia2016.jpg
The joy of learning ,['Babar Ali'],http://www.inktalks.com/discover/836/babar-ali-the-joy-of-learning,https://s3.amazonaws.com/VideoThumbnails/INK2015talks/INK2015_Babar_Ali.png
India for entrepreneurs,['Abhijit Bose '],http://www.inktalks.com/discover/835/Abhijit-bose-india-for-entrepreneurs,https://s3.amazonaws.com/VideoThumbnails/INKAsia2016talks/INKasia2016_Abhijit_Bose.jpg
Learning to be a Leader ,['Ravi Chaturvedi'],http://www.inktalks.com/discover/834/Ravi-chaturvedi-learning-to-be-a-leader,https://s3.amazonaws.com/VideoThumbnails/INK2015talks/INK2015_Ravi_Chaturvedi.jpg
Pre-emptive personal healthcare ,['Anuradha  Acharya'],http://www.inktalks.com/discover/833/Anuradha-Acharya-pre-emptive-personal-healthcare,https://s3.amazonaws.com/VideoThumbnails/INK2015talks/INK2015_Anuradha_Acharya.jpg
Courage comes from failure ,['Ayushmann Khurrana'],http://www.inktalks.com/discover/832/courage-comes-from-failure,https://s3.amazonaws.com/VideoThumbnails/INK2015talks/INK2015_Ayushmann-Khurrana.jpg
Humans in a Dish ,['Aparna Venkatesh'],http://www.inktalks.com/discover/831/humans-in-a-dish,https://s3.amazonaws.com/VideoThumbnails/INK2015talks/INK2015_Aparna-Venkatesh.jpg
Space over form in architecture,['Tan Hock Beng'],http://www.inktalks.com/discover/830/space-over-form-in-architecture,https://s3.amazonaws.com/VideoThumbnails/INKAsia2016talks/INKAsia2016_Tan-Hock-Beng.jpg
Seventy years of science,['Sydney Brenner'],http://www.inktalks.com/discover/829/sydney-brenner-seventy-years-of-science,https://s3.amazonaws.com/VideoThumbnails/INKAsia2016talks/INKAsia2016_Sydney_Brenner.jpg 
Structuring creativity,['Jesko von den Steinen'],http://www.inktalks.com/discover/828/Jesko-von-den-Steinen-structuring-creativity,https://s3.amazonaws.com/VideoThumbnails/INKAsia2016talks/INKAsia2016_Jesko-von-den-_Steinen-.jpg
Corporate resources for social good,['Patsian Low'],http://www.inktalks.com/discover/827/patsian-low-corporate-resources-for-social-good,https://s3.amazonaws.com/VideoThumbnails/INKAsia2016talks/INKAsia2016_Patsian_Low.jpg
‘Edge of Chaos’,['Emily Levine'],http://www.inktalks.com/discover/826/emily-levine-edge-of-chaos,https://s3.amazonaws.com/VideoThumbnails/INK2015talks/INK2015_Emily_Levine.jpg
'The Internet of Biogas' ,['Mainak  Chakraborty'],http://www.inktalks.com/discover/825/mainak-chakraborty-the-internet-of-biogas,https://s3.amazonaws.com/VideoThumbnails/INK2015talks/INK2015_Mainak_Chakraborty.jpg
Ancient chants for world peace ,['Kanniks  Kannikeswaran'],http://www.inktalks.com/discover/824/kanniks-kannikeswaran-ancient-chants-for-world-peace,https://s3.amazonaws.com/VideoThumbnails/INK2015talks/INK2015_Kanniks_Kannikeswaran.jpg
Lessons from jungle innovations,['Neal Cross'],http://www.inktalks.com/discover/822/neal-cross-lessons-from-jungle-innovations,https://s3.amazonaws.com/VideoThumbnails/INKasia2015talks/INKAsia2015_Neal_Cross.jpg
Demystifying the human genome,['Venkatesh Byrappa'],http://www.inktalks.com/discover/821/venkatesh-byrappa-demystifying-the-human-genome,https://s3.amazonaws.com/VideoThumbnails/INKasia2015talks/INKAsia2015_Venkatesh_Byrappa.jpg
How to crack e-commerce,['Marcelo  Wesseler'],http://www.inktalks.com/discover/820/marcelo-wesseler-how-to-crack-e-commerce,https://s3.amazonaws.com/VideoThumbnails/INKasia2015talks/INKAsia2015_Marcelo_Wesseler.JPG
A forest in a coffee cup,['Arshiya Bose'],http://www.inktalks.com/discover/819/arshiya-bose-a-forest-in-a-coffee-cup,https://s3.amazonaws.com/VideoThumbnails/INK2015talks/INK2015_Arshiya_Bose.jpg
The Maya Musical by Teach for India,['Sanaya Bharucha'],http://www.inktalks.com/discover/817/the-maya-musical-by-teach-for-india,https://s3.amazonaws.com/VideoThumbnails/INK2015talks/INK2015_Sanaya_Bharucha.jpg
Mapping the heavens,['Priyamvada Natarajan'],http://www.inktalks.com/discover/816/priyamvada-natarajan-mapping-the-heavens,https://s3.amazonaws.com/VideoThumbnails/INK2015talks/INK2015_Priyamvada_Natarajan.jpg
The stories we tell ourselves,['Shamim Sarif'],http://www.inktalks.com/discover/815/shamim-sarif-the-stories-we-tell-ourselves,https://s3.amazonaws.com/VideoThumbnails/INK2015talks/INK2015_Shamim_Sarif.jpg
A Primer in Exponential Technologies,['Kathryn Myronuk'],http://www.inktalks.com/discover/814/kathryn-myronuk-a-primer-in-exponential-technologies,https://s3.amazonaws.com/VideoThumbnails/INK2015talks/INK2015_Kathryn_Myronuk.jpg
Making a splash as a star athlete,['Sharath Gayakwad'],http://www.inktalks.com/discover/813/sharath-gayakwad-making-a-splash-as-a-star-athlete,https://s3.amazonaws.com/VideoThumbnails/INK2015talks/INK2015_Sharath_Gayakwad.jpg
A magic show like you've never seen,['Marco Tempest'],http://www.inktalks.com/discover/810/marco-tempest-a-magic-show-like-you-ve-never-seen,https://s3.amazonaws.com/VideoThumbnails/INKasia2015talks/INKAsia2015_Marco_Tempest.jpg
Rise of the robots,['Catherine Mohr'],http://www.inktalks.com/discover/811/catherine-mohr-rise-of-the-robots,https://s3.amazonaws.com/VideoThumbnails/INK2015talks/INK2015_Catherine_Mohr.jpg
Bewitching barnacles and wily wasps,['Anand Varma'],http://www.inktalks.com/discover/809/anand-varma-bewitching-barnacles-and-wily-wasps,https://s3.amazonaws.com/VideoThumbnails/INK2015talks/INK2015_Anand_Varma.jpg
Branding in the age of social media,['Charles Cadell'],http://www.inktalks.com/discover/808/charles-cadell-branding-in-the-age-of-social-media, https://s3.amazonaws.com/VideoThumbnails/INKasia2015talks/INKAsia2015_Charles_Cadell.jpg
Seeing no obstacles,['Srikanth Bolla'],http://www.inktalks.com/discover/807/srikanth-bolla-seeing-no-obstacles,https://s3.amazonaws.com/VideoThumbnails/INK2015talks/INK2015_Srikanth_Bolla.jpg
The business case for open society,['Rashesh Shah'],http://www.inktalks.com/discover/806/rashesh-shah-the-business-case-for-open-society,https://s3.amazonaws.com/VideoThumbnails/INK2015talks/INK2015_Rashesh_Shah.jpg
Fueling Singapore's giving spirit,['Melissa Kwee'],http://www.inktalks.com/discover/805/melissa-kwee-fueling-singapore-s-giving-spirit,https://s3.amazonaws.com/VideoThumbnails/INKasia2015talks/INKAsia2015_Melissa_Kwee.jpg
Returning stolen art to India,['Anuraag Saxena'],http://www.inktalks.com/discover/803/anuraag-saxena-returning-stolen-art-to-india,https://s3.amazonaws.com/VideoThumbnails/INK2015talks/INK_2015_Anuraag_Saxena.jpg
Growing bone from your own cells,['Nina Tandon'],http://www.inktalks.com/discover/804/nina-tandon-growing-bone-from-your-own-cells,https://s3.amazonaws.com/VideoThumbnails/INK2015talks/INK_2015_Nina_Tandon.jpg
Brand leadership and the right to win,['Harsh Mariwala'],http://www.inktalks.com/discover/802/harsh-mariwala-brand-leadership-and-the-right-to-win,https://s3.amazonaws.com/VideoThumbnails/INK2015talks/INK_2015_Harsh_Mariwala.jpg
Crowdfunding for the arts in India,['Anshulika Dubey'],http://www.inktalks.com/discover/801/anshulika-dubey-crowdfunding-for-the-arts-in-India,https://s3.amazonaws.com/VideoThumbnails/INK2015talks/INK2015_Anshukila_Dubey.jpg
My journey in vision,['Dr. Balamurali Ambati'],http://www.inktalks.com/discover/800/bala-ambati-my-journey-in-vision,https://s3.amazonaws.com/VideoThumbnails/INK2015talks/INK2015_Balamurali_Ambati.jpg
Unexpected twists,['Haleem Khan'],http://www.inktalks.com/discover/799/haleem-khan-unexpected-twists,https://s3.amazonaws.com/VideoThumbnails/INK2015talks/INK2015_Haleem_Khan.jpg
From victim to trailblazer,['Flavia Agnes'],http://www.inktalks.com/discover/796/flavia-agnes-from-victim-to-trailblazer,https://s3.amazonaws.com/VideoThumbnails/INK2015talks/INK2015_Flavia_Agnes.jpg
Boondan Boondan ,['Maati Baani'],http://www.inktalks.com/discover/798/maati-baani-boondan-boondan,https://s3.amazonaws.com/VideoThumbnails/INK2015talks/INK2015_Maati_Baani.jpg
Leveraging business for social impact,['Vidya Shah'],http://www.inktalks.com/discover/797/vidya-shah-leveraging-business-for-social-impact,https://s3.amazonaws.com/VideoThumbnails/INK2015talks/INK2015_Vidya_Shah.jpg
Fame’s lesson plan ,['Josh Radnor'],http://www.inktalks.com/discover/794/josh-radnor-fame-s-lesson-plan,https://s3.amazonaws.com/VideoThumbnails/INK2015talks/INK2015_Josh_Radnor.jpg
"Learn, unlearn, relearn",['Kirthiga Reddy'],http://www.inktalks.com/discover/793/kirthiga-reddy-learn-unlearn-relearn,https://s3.amazonaws.com/VideoThumbnails/INK2015talks/INK2015_Kirthiga_Reddy.jpg
Spell of the story,['Irrfan Khan'],http://www.inktalks.com/discover/792/irrfan-khan-spell-of-the-story,https://s3.amazonaws.com/VideoThumbnails/INK2015talks/INK2015_Irrfan_Khan.jpg
Street art diaries,['Harshvardhan Kadam'],http://www.inktalks.com/discover/791/harshvardhan-kadam-street-art-diaries,https://s3.amazonaws.com/VideoThumbnails/INK2014talks/INK2015_Harshvardhan_Kadam.jpg
Attitude and business success,['Jose Thomas'],http://www.inktalks.com/discover/790/jose-thomas-attitude-and-business-success,https://s3.amazonaws.com/VideoThumbnails/INKasia2015talks/INKasia2015_Jose_Thomas.jpg
Our brains on meditation,['Rohan Dixit'],http://www.inktalks.com/discover/788/rohan-dixit-our-brains-on-meditation,https://s3.amazonaws.com/VideoThumbnails/INKasia2015talks/INKasia2015_Rohan_Dixit.jpg
Big data revolution ,['Piyush Gupta'],http://www.inktalks.com/discover/787/piyush-gupta-big-data-revolution,https://s3.amazonaws.com/VideoThumbnails/INKasia2015talks/INKasia2015_Piyush_Gupta.jpg
Losing sight not vision | Hindi,['Bhavesh Bhatia'],http://www.inktalks.com/discover/786/bhavesh-bhatia-losing-sight-not-vision,https://s3.amazonaws.com/VideoThumbnails/INK2014talks/INK2014_Bhavesh_Bhatia.jpg
Diversity – a garden or a forest? ,['Devdutt Pattanaik'],http://www.inktalks.com/discover/785/devdutt-pattanaik-diversity-a-garden-or-a-forest,https://s3.amazonaws.com/VideoThumbnails/INKasia2015talks/INKasia2015_Devdutt_Pattanaik.jpg
Women scientists you've never heard of,['Shohini Ghose'],http://www.inktalks.com/discover/784/women-scientists-you-ve-never-heard-of,https://s3.amazonaws.com/VideoThumbnails/INK2014talks/INK2014_Shohini_Ghose.jpg
My daughter Aisha Chaudhary's legacy,['Aditi Chaudhary'],http://www.inktalks.com/discover/783/aditi-chaudhary-my-daughter-aisha-chaudhary-s-legacy,https://s3.amazonaws.com/VideoThumbnails/INK2014talks/INKwomen2015_Aditi_Chaudhary.jpg
How millennials perceive time,['Abhijit Bhaduri'],http://www.inktalks.com/discover/761/abhijit-bhaduri-how-millennials-perceive-time,https://s3.amazonaws.com/VideoThumbnails/INK2014talks/INK2014_Abhijit_Bhaduri.jpg
Understanding Tagore,"['Monali Thakur', 'Shantanu Moitra']",http://www.inktalks.com/discover/759/shantanu-moitra-monali-thakur-understanding-tagore,https://s3.amazonaws.com/VideoThumbnails/INK2014talks/INK2014_Shantanu_Moitra_Monali_Thankur.jpg
Making of Satyamev Jayate ,"['Svati Chakravarty Bhatkal', 'Satyajit Bhatkal']",http://www.inktalks.com/discover/758/satyajit-and-svati-bhatkal-making-of-satyamev-jayate,https://s3.amazonaws.com/VideoThumbnails/INK2014talks/INK2014_Satyajit_Bhatkal_Svati_Bhatkal.jpg
"Hyperrealistic mannequins, Made in India",['Rajiv Subba'],http://www.inktalks.com/discover/757/rajiv-subba-hyperrealistic-mannequins-made-in-india,https://s3.amazonaws.com/VideoThumbnails/INK2014talks/INK2014_Rajiv_Subba.jpg
India's LGBT struggle,['Parmesh Shahani'],http://www.inktalks.com/discover/756/parmesh-shahani-india-s-lgbt-struggle,https://s3.amazonaws.com/VideoThumbnails/INK2014talks/INKWomen2014_Parmesh_Shahani.jpg
Lessons from microfinance for venture capital,['Anjney Midha'],http://www.inktalks.com/discover/755/anjney-midha-lessons-from-microfinance-for-venture-capital,https://s3.amazonaws.com/VideoThumbnails/INK2014talks/INK2014_Anjney_Midha.jpg
Age is no barrier to innovate,['Sujay Tyle'],http://www.inktalks.com/discover/754/sujay-tyle-age-is-no-barrier-to-innovate,https://s3.amazonaws.com/VideoThumbnails/INK2012talks/Sujay_Tyle_INK2012_S8T6_853x480.jpg
OJAS -- women who found spiritual union,['Vidhya Subramanian'],http://www.inktalks.com/discover/753/vidhya-subramanian-ojas-women-who-found-spiritual-union,https://s3.amazonaws.com/VideoThumbnails/INK2014talks/INK2014_Vidhya_Subramanian.jpg
 My journey to re-inventing education,['Sugata Mitra'],http://www.inktalks.com/discover/752/sugata-mitra-my-journey-to-re-inventing-education,https://s3.amazonaws.com/VideoThumbnails/INK2014talks/INKwomen2015_Sugata_Mitra.jpg
Shape-changing User Interfaces,['Daniel Leithinger'],http://www.inktalks.com/discover/751/daniel-leithinger-shape-changing-user-interfaces,https://s3.amazonaws.com/VideoThumbnails/INK2014talks/INK2014_Daniel_Leithinger.jpg
The RedBus journey ,['Phanindra Sama'],http://www.inktalks.com/discover/750/phanindra-sama-the-redbus-journey,https://s3.amazonaws.com/VideoThumbnails/INK2014talks/INK2014_Phanindra_Sama.jpg
Our AI future,['Neil Jacobstein'],http://www.inktalks.com/discover/749/neil-jacobstein-our-ai-future,https://s3.amazonaws.com/VideoThumbnails/INK2014talks/INK2014_Neil_Jacobstein.jpg
Empowering women at the grassroots,['Shravani Hagargi'],http://www.inktalks.com/discover/748/shravani-hagargi-empowering-women-at-the-grassroots,https://s3.amazonaws.com/VideoThumbnails/INK2014talks/INK2014_Shravani_Hagargi.jpg
Crowd-sourcing lyrics at INK2014,['Kenneth Sebastian'],http://www.inktalks.com/discover/747/kenneth-sebastian-crowd-sourcing-lyrics-at-ink2014,https://s3.amazonaws.com/VideoThumbnails/INK2014talks/INK2014_Kenneth_Sebastian.jpg
Healthcare re-imagined,['Daniel Kraft'],http://www.inktalks.com/discover/746/daniel-kraft-healthcare-re-imagined,https://s3.amazonaws.com/VideoThumbnails/INK2014talks/INK2014_Daniel_Kraft.jpg
Beethoven meets Bollywood,['Viswa Subbaraman'],http://www.inktalks.com/discover/745/viswa-subbaraman-beethoven-meets-bollywood,https://s3.amazonaws.com/VideoThumbnails/INK2014talks/INK2014_Viswa_Subbaraman.jpg
Rhythm jam,['Bickram Ghosh'],http://www.inktalks.com/discover/744/bickram-ghosh-rhythm-jam,https://s3.amazonaws.com/VideoThumbnails/INK2014talks/INK2014_Bickram_Ghosh.jpg
Music of the seals,['Henry Kaiser'],http://www.inktalks.com/discover/741/henry-kaiser-music-of-the-seals,https://s3.amazonaws.com/VideoThumbnails/INK2014talks/INK2014_Henry_Kaiser.jpg
Getting kids excited about electronics,['Shashwat  Ratan'],http://www.inktalks.com/discover/743/shashwat-ratan-getting-kids-excited-about-electronics,https://s3.amazonaws.com/VideoThumbnails/INK2014talks/INK2014_Shashwat_Ratan.jpg
The future of manufacturing,['Jordan Brandt'],http://www.inktalks.com/discover/742/jordan-brandt-the-future-of-manufacturing,https://s3.amazonaws.com/VideoThumbnails/INK2014talks/INK2014_Jordan_Brandt.jpg
The PaperBoat story,['Neeraj Kakkar'],http://www.inktalks.com/discover/739/neeraj-kakkar-the-paperboat-story,https://s3.amazonaws.com/VideoThumbnails/INK2014talks/INK2014_Neeraj_Kakkar.jpg
A taste of inner peace,['Ani Choying Drolma'],http://www.inktalks.com/discover/740/ani-choying-drolma-a-taste-of-inner-peace,https://s3.amazonaws.com/VideoThumbnails/INK2014talks/INK2014_Ani_Choying_Drolma.jpg
Big data for social impact,['Deb Roy'],http://www.inktalks.com/discover/737/deb-roy-big-data-for-social-impact,https://s3.amazonaws.com/VideoThumbnails/INK2014talks/INK2014_Deb_Roy.jpg
 A wilderness beyond compare,['Steve Boyes'],http://www.inktalks.com/discover/736/steve-boyes-a-wilderness-beyond-compare,https://s3.amazonaws.com/VideoThumbnails/INK2014talks/INK2014_Steve_Boyes.jpg
 Making entrepreneurial dreams possible ,['Vani Kola'],http://www.inktalks.com/discover/735/vani-kola-making-entrepreneurial-dreams-possible,https://s3.amazonaws.com/VideoThumbnails/INK2014talks/INK2014_Vani_Kola.jpg
Your values will take you places,['Zia Mody'],http://www.inktalks.com/discover/734/zia-mody-your-values-will-take-you-places,https://s3.amazonaws.com/VideoThumbnails/INK2014talks/INK2014_Zia_Mody.jpg
Being a woman,['Gazal Dhaliwal'],http://www.inktalks.com/discover/733/gazal-dhaliwal-being-a-woman,https://s3.amazonaws.com/VideoThumbnails/INK2014talks/INKwomen2015_Gazal_Dhaliwal.jpg
Pakistan’s untold stories,['Sharmeen Obaid Chinoy'],http://www.inktalks.com/discover/732/sharmeen-obaid-chinoy-pakistans-untold-stories,https://s3.amazonaws.com/VideoThumbnails/INK2014talks/INK2014_Sharmeen_Obaid-Chinoy.jpg
Spirit of Mumbai,['Abhijit Jejurikar &  Dharavi Rocks'],http://www.inktalks.com/discover/730/abhijit-jejurikar-dharavi-rocks-spirit-of-mumbai,https://s3.amazonaws.com/VideoThumbnails/INK2014talks/INK2014_Dharavi_Rocks.jpg
Listening to the dancing heart,['Ramesh Rao'],http://www.inktalks.com/discover/729/ramesh-rao-listening-to-the-dancing-heart,https://s3.amazonaws.com/VideoThumbnails/INK2014talks/INK2014_Ramesh_Rao.jpg
Seduced by the film industry,['Anupama Chopra'],http://www.inktalks.com/discover/728/anupama-chopra-seduced-by-the-film-industry,https://s3.amazonaws.com/VideoThumbnails/INK2014talks/INK2014_Anupama_Chopra.jpg
The invisible disaster,['Anshu Gupta'],http://www.inktalks.com/discover/724/anshu-gupta-the-invisible-disaster,https://s3.amazonaws.com/VideoThumbnails/INK2014talks/INK2014_Anshu_Gutpa.jpg
Curating the Kochi-Muziris Biennale,['Jitish Kallat'],http://www.inktalks.com/discover/726/jitish-kallat-curating-the-kochi-muziris-biennale,https://s3.amazonaws.com/VideoThumbnails/INK2014talks/INK2014_Jitish_Kallat.jpg
Cutting-edge architecture,['Mark Foster Gage'],http://www.inktalks.com/discover/725/mark-foster-gage-cutting-edge-architecture,https://s3.amazonaws.com/VideoThumbnails/INK2014talks/INK2014_Mark_Foster_Gage.jpg
What's on your plate?,['Nameet MVS'],http://www.inktalks.com/discover/723/nameet-mvs-whats-on-your-plate,https://s3.amazonaws.com/VideoThumbnails/INK2014talks/INK2014_Nameet_MVS.jpg
Making Bali plastic free,['Melati & Isabel Wijsen'],http://www.inktalks.com/discover/722/isabel-melati-wijsen-making-bali-plastic-free,https://s3.amazonaws.com/VideoThumbnails/INK2014talks/INK2014_Isabel_Melati_Wijsen.jpg
Guitar in a sari,['Usha Uthup'],http://www.inktalks.com/discover/721/guitar-in-a-sari,https://s3.amazonaws.com/VideoThumbnails/INK2014talks/INK2014_Usha_Uthup.jpg
Movies with a message,['Rajkumar Hirani'],http://www.inktalks.com/discover/720/movies-with-a-message,https://s3.amazonaws.com/VideoThumbnails/INK2014talks/INK2014_Rajkumar_Hirani.jpg
Bavra Mann -- dedicated to Aisha ,"['Swanand  Kirkire', 'Shantanu Moitra']",http://www.inktalks.com/discover/719/bavra-mann-dedicated-to-aisha,https://s3-ap-southeast-1.amazonaws.com/mp4bucketinktalks/2011_INK_CONFERENCE/2011_INK_SPEAKERS_PICTURES/Shantanu_Swanand_INK2011_Session_02_8.jpg
Finding happiness,['Aisha Chaudhary'],http://www.inktalks.com/discover/633/aisha-chaudhary-finding-happiness,https://s3.amazonaws.com/VideoThumbnails/INK2013talks/INK2013_Aisha_Chaudhary_S6_T5.jpg
Telling the right story,['Gazal Dhaliwal'],http://www.inktalks.com/discover/718/gazal-dhaliwal-telling-the-right-story,https://s3.amazonaws.com/VideoThumbnails/INK2014talks/INK2014_Gazal_Dhaliwal.jpg
The future is better than you think ,['Peter Diamandis'],http://www.inktalks.com/discover/717/peter-diamandis-the-future-is-better-than-you-think,https://s3.amazonaws.com/VideoThumbnails/INK2014talks/Peter_Diamandis.jpg
Unleashing India's innovators,"['Zenia Tata', 'Ratan Tata']",http://www.inktalks.com/discover/716/unleashing-india-s-innovators,https://s3.amazonaws.com/VideoThumbnails/Interviews/Ratan_Tata_Zenia_Tata.jpg
Folk music revised,"['Gokul Chandra Das', 'Shantanu Moitra']",http://www.inktalks.com/discover/715/shantanu-moitra-gokul-das-folk-music-revised,https://s3.amazonaws.com/VideoThumbnails/INK2011talks/Gokul_Das_Shantanu_Moitra_Session_08_1_INK2011.jpg
The Snapdeal way,['Kunal Bahl'],http://www.inktalks.com/discover/714/kunal-bahl-the-snapdeal-way,https://s3.amazonaws.com/VideoThumbnails/INK2014talks/INK2014_Kunal_Bahl.jpg
Innovating for the Kumbh Mela ,"['KUMBHA Team', 'Ramesh Raskar']",http://www.inktalks.com/discover/713/ramesh-raskar-innovating-for-the-kumbh-mela,https://s3.amazonaws.com/VideoThumbnails/INK2014talks/INK2014_Ramesh_Raskar.jpg
On top of the world,['Arunima Sinha'],http://www.inktalks.com/discover/711/arunima-sinha-on-top-of-the-world,https://s3.amazonaws.com/VideoThumbnails/INK2014talks/INK2014_Arunima_Sinha.jpg
Why India shouldn’t be succeeding but is ,['Vivek Wadhwa'],http://www.inktalks.com/discover/712/vivek-wadhwa-why-india-shouldnt-be-succeeding-but-is,https://s3.amazonaws.com/VideoThumbnails/INK2014talks/INK2014_Vivek_Wadhwa.jpg
The WhatsApp story,['Neeraj Arora'],http://www.inktalks.com/discover/707/neeraj-arora-the-whatsapp-story,https://s3.amazonaws.com/VideoThumbnails/INK2014talks/INK2014_Neeraj_Arora.jpg
Making of the Kochi-Muziris Biennale,['Shwetal Patel'],http://www.inktalks.com/discover/704/shwetal-patel-making-of-the-kochi-muziris-biennale,https://s3.amazonaws.com/VideoThumbnails/INK2013talks/INK2013_Shwetal_Patel_S3_T3_853X480(2).jpg
A brainwave headset that helps you meditate,['Rohan Dixit'],http://www.inktalks.com/discover/702/rohan-dixit-a-brainwave-headset-that-helps-you-meditate,https://s3.amazonaws.com/VideoThumbnails/INK2013talks/INK2013_Rohan_Dixit_S4_T6_853X480.jpg
Our brains on electronic music,['Satya Hinduja'],http://www.inktalks.com/discover/701/satya-hinduja-our-brains-on-electronic-music,https://s3.amazonaws.com/VideoThumbnails/INK2013talks/INK2013_Satya_Hinduja_S8_T6_853X480.jpg
Growing up to be innovative,['John Werner'],http://www.inktalks.com/discover/700/john-werner-growing-up-to-be-innovative,https://s3.amazonaws.com/VideoThumbnails/INK2013talks/INK2013_John_Werner_S7_T1_853X480.jpg
How music works on us,"['Prakriti Dutta', 'Darren Abrahams', 'Nigel  Osborne']",http://www.inktalks.com/discover/699/nigel-osborne-darren-abrahams-prakriti-dutta-how-music-works-on-us,https://s3.amazonaws.com/VideoThumbnails/INK2013talks/INK2013_Nigel_Osborne_S9_T5_853X480.jpg
India's cup of tea,['Snigdha Manchanda'],http://www.inktalks.com/discover/698/snigdha-manchanda-india-s-cup-of-tea,https://s3.amazonaws.com/VideoThumbnails/INK2013talks/INK2013_Snigdha_Manchanda_S8_T1_853X480.jpg
Beauty vs. utility,['Stefan Sagmeister'],http://www.inktalks.com/discover/697/stefan-sagmeister-beauty-vs-utility,https://s3.amazonaws.com/VideoThumbnails/INK2012talks/Stefan_Sagmeister_INK2012_S5T6_853x480.jpg
On romanticizing the past,['Nikesh  Arora'],http://www.inktalks.com/discover/696/nikesh-arora-on-romanticizing-the-past,https://s3.amazonaws.com/VideoThumbnails/INK2013talks/INK2013_Nikesh_Arora_S5_T1_853X480.jpg
Why I make films,['Anand Gandhi'],http://www.inktalks.com/discover/695/anand-gandhi-why-i-make-films,https://s3.amazonaws.com/VideoThumbnails/INK2013talks/INK2013_Anand_Gandhi_S4_T8_853X480.jpg
You Have More Friends Than You Know,['Jeff Marx'],http://www.inktalks.com/discover/694/jeff-marx-you-have-more-friends-than-you-know,https://s3.amazonaws.com/VideoThumbnails/INK2012talks/INK2012_Jeff_Marx_S4_T7_853X480.jpg
"To innovate, dissolve disciplinary boundaries",['Elishai Ezra'],http://www.inktalks.com/discover/693/elishai-ezra-to-innovate-dissolve-disciplinary-boundaries,https://s3.amazonaws.com/VideoThumbnails/INK2013talks/INK2013_Elishai_Ezra_S9_T4_853X480.jpg
 Tu Na Jaane,['Shankar Tucker'],http://www.inktalks.com/discover/692/shankar-tucker-mugdha-hasabnis-puneet-gabriel-tu-na-jaane,https://s3.amazonaws.com/VideoThumbnails/INK2013talks/INK2013_Shankar_Tucker_Tu_Na_Jaane_853X480.jpg
Urban renewal of Mumbai and China,['Neville Mars'],http://www.inktalks.com/discover/691/neville-mars-urban-renewal-of-mumbai-and-china,https://s3.amazonaws.com/VideoThumbnails/INK2013talks/INK2013_Neville_Mars_S6_T3_853X480.jpg
An SMS can set you free,['Anu Sridharan'],http://www.inktalks.com/discover/690/anu-sridharan-an-sms-can-set-you-free,https://s3.amazonaws.com/VideoThumbnails/INK2013talks/INK2013_Anu_Sridharan_S7_T3_853X480.jpg
Parallel worlds and the Eames legacy,['Eames Demetrios'],http://www.inktalks.com/discover/689/eames-demetrios-parallel-worlds-and-the-eames-legacy,https://s3.amazonaws.com/VideoThumbnails/INK2012talks/INK2012_Eames_Demetrios_S5T3_853X480.jpg
The Samsara experience,['Mark  Magidson'],http://www.inktalks.com/discover/688/mark-magidson-the-samsara-experience,https://s3.amazonaws.com/VideoThumbnails/INK2013talks/INK2013_Mark_Magidson_S6_T5_853X480.jpg
From animating Call of Duty to realizing my duty,['Sunil Thankamushy'],http://www.inktalks.com/discover/687/sunil-thankamushy-from-animating-call-of-duty-to-realizing-my-duty,https://s3.amazonaws.com/VideoThumbnails/INK2013talks/INK2013_Sunil_Thankamushy_S5_T3_853X480.jpg
Behind Obama's presidential campaigns,['Roger  Fisk'],http://www.inktalks.com/discover/686/roger-fisk-behind-obama-s-presidential-campaigns,https://s3.amazonaws.com/VideoThumbnails/INK2013talks/INK2013_Roger_Fisk_S6_T2_853X480.jpg
Living with the dead in Tana Toraja,['Kelli Swazey'],http://www.inktalks.com/discover/685/kelli-swazey-living-with-the-dead-in-tana-toraja,https://s3.amazonaws.com/VideoThumbnails/INK2013talks/INK2013_Kelli_Swazey_S4_T7_853X480.jpg
When cities create music,['Tod Machover'],http://www.inktalks.com/discover/684/tod-machover-when-cities-create-music,https://s3.amazonaws.com/VideoThumbnails/INK2013talks/INK2013_Tod_Machover_S7_T2_853X480.jpg
Blue Throat Shiva,['Asima Ensemble'],http://www.inktalks.com/discover/683/asima-blue-throat-shiva,https://s3.amazonaws.com/VideoThumbnails/INK2013talks/INK2013_Asima_Blue_Throat_Shiva_S3_T9_853X480.jpg
Tamil meets Assamese,"['Joi Barua', 'Shruti Haasan']",http://www.inktalks.com/discover/682/shruti-haasan-and-joi-barua-tamil-meets-assamese,https://s3.amazonaws.com/VideoThumbnails/INK2012talks/Shruti_Haasan_Joi_Barua_INK2012_S5T5_853x480.jpg
"At 19, I think I can change the world",['Param Jaggi'],http://www.inktalks.com/discover/681/param-jaggi-at-19-i-think-i-can-change-the-world,https://s3.amazonaws.com/VideoThumbnails/INK2013talks/INK2013_Param_Jaggi_S2_T4_853X480.jpg
Innovating for a bright green future,['Luke Iseman'],http://www.inktalks.com/discover/679/luke-iseman-innovating-for-a-bright-green-future,https://s3.amazonaws.com/VideoThumbnails/INK2013talks/INK2013_Luke_Iseman_S8_T4_853X480.jpg
Ideas all around us,['Alicia Souza'],http://www.inktalks.com/discover/678/alicia-souza-ideas-all-around-us,https://s3.amazonaws.com/VideoThumbnails/INK2013talks/INK2013_Alicia_Souza_S5_T2_853X480.jpg
I am a cannabis farmer,['Sanvar Oberoi'],http://www.inktalks.com/discover/677/sanvar-oberoi-i-am-a-cannabis-farmer,https://s3.amazonaws.com/VideoThumbnails/INK2013talks/INK2013_Sanvar_Oberoi_S3_T1_853X480.jpg
Udd Jayega Hans Akela,['Asima Ensemble'],http://www.inktalks.com/discover/676/asima-udd-jayega-hans-akela,https://s3.amazonaws.com/VideoThumbnails/INK2013talks/INK2013_Asima_Udd_Ja_Hans_Akela_S3_T9_853X480.jpg
A solar-powered solution for the hearing impaired,['Tendekayi Katsiga'],http://www.inktalks.com/discover/675/tendekayi-katsiga-a-solar-powered-solution-for-the-hearing-impaired,https://s3.amazonaws.com/VideoThumbnails/INK2013talks/INK2013_Tendekayi_Katsiga_S9_T2_853X480.jpg
Now re-focus images (after taking the picture!),['Kshitij Marwah'],http://www.inktalks.com/discover/674/kshitij-marwah-now-re-focus-images-after-taking-the-picture,https://s3.amazonaws.com/VideoThumbnails/INK2013talks/INK2013_Kshitij_Marwah_S6_853X480.jpg
What I choose to illustrate and why,['Maira Kalman'],http://www.inktalks.com/discover/672/maira-kalman-what-i-choose-to-illustrate-and-why,https://s3.amazonaws.com/VideoThumbnails/INK2013talks/INK2013_Maira_Kalman_S2_T5_853X480.jpg
Designing for 9 billion people,['Amar Hanspal'],http://www.inktalks.com/discover/673/amar-hanspal-designing-for-9-billion-people,https://s3.amazonaws.com/VideoThumbnails/INK2013talks/INK2013_Amar_Hanspal_S2_T3_853X480.jpg
I want to be disruptive,['Abhay Deol'],http://www.inktalks.com/discover/671/abhay-deol-i-want-to-be-disruptive,https://s3.amazonaws.com/VideoThumbnails/Interviews/2014_INK_Salon_Abhay_Deol_853X480.jpg
The ultimate Malayali dance-mix,['Asima Ensemble'],http://www.inktalks.com/discover/670/asima-the-ultimate-malayali-dance-mix,https://s3.amazonaws.com/VideoThumbnails/INK2013talks/INK2013_Asima_Malayali_Dancemix_S3_T9_893X480.jpg
How I lived on 32 Rupees a day,['Tushar Vashisht'],http://www.inktalks.com/discover/669/tushar-vashisht-how-i-lived-on-32-rupees-a-day,https://s3.amazonaws.com/VideoThumbnails/INK2013talks/INK2013_Tushar_Vashisht_S8_T2_853X480.jpg
A fate worse than death,['Sandeep  Divekar'],http://www.inktalks.com/discover/668/sandeep-divekar-a-fate-worse-than-death,https://s3.amazonaws.com/VideoThumbnails/INK2012talks/Sandeep_Divekar_INK2012_S3T4_853x480.jpg
The hackerspace revolution,['Bilal Ghalib'],http://www.inktalks.com/discover/667/bilal-ghalib-the-hackerspace-revolution,https://s3.amazonaws.com/VideoThumbnails/INK2012talks/Bilal_Ghalib_INK2012_S8T5_583x480.jpg
From Carnatic to Hindustani,['Vandana  Srinivasan'],http://www.inktalks.com/discover/666/vandana-srinivasan-from-carnatic-to-hindustani,https://s3.amazonaws.com/VideoThumbnails/INK2013talks/INK2013_Vandana_Srinivasan_S2_T6_853X480.jpg
Let's re-wild India,['Krithi K. Karanth'],http://www.inktalks.com/discover/665/krithi-karanth-let-s-re-wild-india,https://s3.amazonaws.com/VideoThumbnails/INK2013talks/INK2013_Krithi_Karanth_S2_T2_853X480.jpg
Sound of the Hindustani clarinet,['Shankar Tucker'],http://www.inktalks.com/discover/664/shankar-tucker-sound-of-the-hindustani-clarinet,https://s3.amazonaws.com/VideoThumbnails/INK2012talks/Shankar_Tucker_INK2012_S3T6_853x480.jpg
I am a proud and powerful lesbian,['Robin Chaurasiya'],http://www.inktalks.com/discover/663/robin-chaurasiya-i-am-a-proud-and-powerful-lesbian,https://s3.amazonaws.com/VideoThumbnails/INK2013talks/INK2013_Robin_Chaurasiya_S4_T1_853X480.jpg
What we look for when we have everything,['William Pennell Rock'],http://www.inktalks.com/discover/662/william-pennell-rock-what-we-look-for-when-we-have-everything,https://s3.amazonaws.com/VideoThumbnails/INK2013talks/INK2013_William_Pennell_Rock_S4_T2_853X480.jpg
Praxis and poetry,['Arun Kumar'],http://www.inktalks.com/discover/661/arun-kumar-praxis-and-poetry,https://s3.amazonaws.com/VideoThumbnails/INK2013talks/INK2013_Arun_Kumar_S8_T4_853X480.jpg
No child should grow up behind prison walls,['Pushpa Basnet'],http://www.inktalks.com/discover/660/pushpa-basnet-no-child-should-grow-up-behind-prison-walls,https://s3.amazonaws.com/VideoThumbnails/INK2013talks/INK2013_Pushpa_Basnet_S1_T3_853X480.jpg
Snapshots of war and the water crisis,['Balazs Gardi'],http://www.inktalks.com/discover/659/balazs-gardi-snapshots-of-war-and-the-water-crisis,https://s3.amazonaws.com/VideoThumbnails/INK2013talks/INK2013_Balazs_Gardi_S5_T7_853X480.jpg
From failing in engineering to co-founding a million-dollar company,['Varun Agarwal'],http://www.inktalks.com/discover/656/varun-agarwal-from-failing-in-engineering-to-co-founding-a-million-dollar-company,https://s3.amazonaws.com/VideoThumbnails/INK2013talks/INK2013_Varun_Agarwal_S9_T6_853X480.jpg
The power of experimentation,['Scott Cook'],http://www.inktalks.com/discover/658/scott-cook-the-power-of-experimentation,https://s3.amazonaws.com/VideoThumbnails/INK2013talks/INK2013_Scott_Cook_S5_T4_853X480.jpg
On pointless creativity,['Jason Wishnow'],http://www.inktalks.com/discover/647/jason-wishnow-on-pointless-creativity,https://s3.amazonaws.com/VideoThumbnails/INK2012talks/Jason_Wishnow_INK2012_S3T2_853x480.jpg
Mapping biodiversity using DNA,['Uma Ramakrishnan'],http://www.inktalks.com/discover/646/uma-ramakrishnan-mapping-biodiversity-using-dna,https://s3.amazonaws.com/VideoThumbnails/INK2013talks/Uma_Ramakrishnan_INK2013_S1_T6_853X480.jpg
Is college really necessary?,['Dale J. Stephens'],http://www.inktalks.com/discover/644/dale-stephens-is-college-really-necessary,https://s3.amazonaws.com/VideoThumbnails/INK2012talks/Dale_Stephens_INK2012_S2T6_853x480.png
The call of the Bauls,['Oikyotaan'],http://www.inktalks.com/discover/643/oikyotaan-the-call-of-the-bauls,https://s3.amazonaws.com/VideoThumbnails/INK2012talks/Oikyotaan_INK2012_S1T8_853x480.jpg
Comic books can be an academic resource,['Nancy Silberkleit'],http://www.inktalks.com/discover/642/nancy-silberkleit-comic-books-can-be-an-academic-resource,https://s3.amazonaws.com/VideoThumbnails/INK2012talks/Nancy_Silberkleit_INK2012_S2T5_853x480.jpg
Oneness with sound,"['Shyamrao  Kulkarni', 'Usha Arunachalam']",http://www.inktalks.com/discover/641/usha-arunachalam-and-pt-shyamrao-kulkarni-oneness-with-sound,https://s3.amazonaws.com/VideoThumbnails/INK2012talks/INK2012_Usha_Arunachalam_Shyamrao_Kulkarni_S7_T1_853X480.jpg
Looking deep into the ocean,['David Gallo'],http://www.inktalks.com/discover/637/david-gallo-looking-deep-into-the-ocean,https://s3.amazonaws.com/VideoThumbnails/INK2013talks/INK2013_David_Gallo_S1_T2_853X480.jpg
Investigating disasters,['Christopher Kirchhoff'],http://www.inktalks.com/discover/636/christopher-kirchhoff-investigating-disasters,https://s3.amazonaws.com/VideoThumbnails/INK2013talks/INK2013_Christopher_Kirchhoff_S9_T1.jpg
Looking for life on Mars,['Dr. Jakob van Zyl'],http://www.inktalks.com/discover/634/jakob-van-zyl-looking-for-life-on-mars,https://s3.amazonaws.com/VideoThumbnails/INK2013talks/INK2013_Jacob_Van_Zyl_S9_T7.jpg
"Intelligent shoes, smart rulers, and ink from pollution",['Anirudh Sharma'],http://www.inktalks.com/discover/632/anirudh-sharma-intelligent-shoes-smart-rulers-and-ink-from-pollution,https://s3.amazonaws.com/VideoThumbnails/INK2013talks/INK2013_Anirudh_Sharma_S4_T5.jpg
Blindness is not darkness,['Sabriye Tenberken'],http://www.inktalks.com/discover/631/sabriye-tenberken-blindness-is-not-darkness,https://s3.amazonaws.com/VideoThumbnails/INK2013talks/INK2013_Sabriye_Tenberken_S3_T7.jpg
Breaking the language barrier,['Sunil Khandbahale'],http://www.inktalks.com/discover/630/sunil-khandbahale-breaking-the-language-barrier,https://s3.amazonaws.com/VideoThumbnails/INK2013talks/INK2013_Sunil_Khandbhale_S1_T4_853X480.jpg
Hubli police department goes online,['Next Billion Online'],http://www.inktalks.com/discover/629/next-billion-online-project-hubli-police-department,https://s3.amazonaws.com/VideoThumbnails/Nextbilliononline/NBO_police_department_853X480.jpg
Hubli K-12 teachers go online ,['Next Billion Online'],http://www.inktalks.com/discover/628/next-billion-online-project-hubli-k-12-teachers,https://s3.amazonaws.com/VideoThumbnails/Nextbilliononline/NBO_Teachers_session_853X480.jpg
Carbon nanotubes from carbon emissions ,['Dr.Vivek Sahadevan Nair'],http://www.inktalks.com/discover/625/vivek-nair-carbon-nanotubes-from-carbon-emissions,https://s3.amazonaws.com/VideoThumbnails/INK2012talks/Vivek_Nair_INK2012_S6T4_853x480.jpg
"Ragas, moods, and emotions",['HK Venkatram'],http://www.inktalks.com/discover/624/h-k-venkatram-ragas-moods-and-emotions,https://s3.amazonaws.com/VideoThumbnails/INK2012talks/HK_Venkatram_INK2012_S4T5_853x480.jpg
Streetside sustainability,['Harish Hande'],http://www.inktalks.com/discover/623/harish-hande-streetside-sustainability,https://s3.amazonaws.com/VideoThumbnails/INK2012talks/Harish_Hande_INK2012_S1T3_853x480.jpg
6 formulas to help you innovate,['Ramesh Raskar'],http://www.inktalks.com/discover/622/ramesh-raskar-6-formulas-to-help-you-innovate,https://s3.amazonaws.com/VideoThumbnails/INK2012talks/Ramesh_Raskar_INK2012_S7T5_853x480.jpg
A crash course on the meaning of life,['Derek Sivers'],http://www.inktalks.com/discover/621/derek-sivers-a-crash-course-on-the-meaning-of-life,https://s3.amazonaws.com/VideoThumbnails/INK2012talks/Derek_Sivers_INK2012_S6T1_853x480.jpg
How I became the 'Fake IPL Player',['Anupam Mukerji'],http://www.inktalks.com/discover/610/anupam-mukerji-how-i-became-the-fake-ipl-player,https://s3-ap-southeast-1.amazonaws.com/mp4bucketinktalks/2011_INK_CONFERENCE/2011_INK_SPEAKERS_PICTURES/Anupam_Mukerji_Session_08_5_INK2011.jpg
John-Henry Harris: Play hard to work better,['John-Henry Harris'],http://www.inktalks.com/discover/22/play-hard-to-work-better,https://s3.amazonaws.com/VideoThumbnails/INK2010talks/John_Henry_Harris_INK2010.jpg
Adora Svitak: Parent trap,['Adora Svitak'],http://www.inktalks.com/discover/4/parent-trap,https://s3.amazonaws.com/VideoThumbnails/INK2010talks/Adora_Svitak_INK2010.jpg
George Mathew: Rhythm that resonates,['George Mathew'],http://www.inktalks.com/discover/35/rhythm-that-resonates,https://s3.amazonaws.com/VideoThumbnails/INK2010talks/George_Mathew_INK2010_Small.jpg
Joi Barua: Music will cut through,['Joi Barua'],http://www.inktalks.com/discover/36/music-will-cut-through,https://s3.amazonaws.com/VideoThumbnails/INK2010talks/Joi_Barua_INK2010_Small.jpg
Ramachandra Budihal: Digitizing history,['Ramachandra Budihal'],http://www.inktalks.com/discover/17/digitizing-history,https://s3.amazonaws.com/VideoThumbnails/INK2010talks/Ramachandra_Budihal_INK2010.jpg
Adrianna Svitak: Dancing fingers,['Adrianna Svitak'],http://www.inktalks.com/discover/18/dancing-fingers,https://s3.amazonaws.com/VideoThumbnails/INK2010talks/Adrianna_Svitak_INK2010.jpg
"Marc Koska: Small idea, big step",['Marc Koska'],http://www.inktalks.com/discover/20/small-idea-big-step,https://s3.amazonaws.com/VideoThumbnails/INK2010talks/Marc_Koska_INK2010.jpg
The Raghu Dixit Project: Everyman's song,['Raghu  Dixit'],http://www.inktalks.com/discover/30/everyman-s-song,https://s3.amazonaws.com/VideoThumbnails/INK2010talks/Raghu_Dixit_INK2010.jpg
Alexander Tsiaras: Conception to birth -- visualized,['Alexander Tsiaras'],http://www.inktalks.com/discover/10/conception-to-birth-visualized,https://s3.amazonaws.com/VideoThumbnails/INK2010talks/Alexander_Tsiaras_INK2010_Conception.jpg
Arvind Gupta: Toys from trash for learning,['Arvind Gupta'],http://www.inktalks.com/discover/13/toys-from-trash-for-learning,https://s3.amazonaws.com/VideoThumbnails/INK2010talks/Arvind_Gupta_INK2010.jpg
Rick Smolan: The shot that changed lives,['Rick Smolan'],http://www.inktalks.com/discover/6/the-shot-that-changed-lives,https://s3.amazonaws.com/VideoThumbnails/INK2010talks/Rick_Smolan_INK2010.jpg
Shamim Sarif: Why art matters,['Shamim Sarif'],http://www.inktalks.com/discover/8/why-art-matters,https://s3.amazonaws.com/VideoThumbnails/INK2010talks/Shamim_Sarif_INK2010.jpg
C Mallesham: Mother of all innovations,['C Mallesham'],http://www.inktalks.com/discover/5/mother-of-all-innovations,https://s3.amazonaws.com/VideoThumbnails/INK2010talks/C_Mallesham_INK2010.jpg
Gayatri Ganjawala: When East and West meet,['Gayatri Ganjawalla'],http://www.inktalks.com/discover/21/when-east-and-west-meet,https://s3.amazonaws.com/VideoThumbnails/INK2010talks/Gayatri_Ganjawala_INK2010.jpg
Joi Ito: How to manage abundance,[Joi Ito],http://www.inktalks.com/discover/24/how-to-manage-abundance,https://s3.amazonaws.com/VideoThumbnails/INK2010talks/Joi_Ito_INK2010.jpg
Deepti Naval: Those 23 days,['Deepti Naval'],http://www.inktalks.com/discover/26/those-23-days,https://s3.amazonaws.com/VideoThumbnails/INK2010talks/Deepti_Naval_INK2010.jpg
Sophie Morgan: Perfect people,['Sophie Morgan'],http://www.inktalks.com/discover/12/perfect-people,https://s3.amazonaws.com/VideoThumbnails/INK2010talks/Sophie_Morgan_INK2010.jpg
Raghava KK: How to burst your mind bubbles,['Raghava KK'],http://www.inktalks.com/discover/33/how-to-burst-your-mind-bubbles-1,https://s3.amazonaws.com/VideoThumbnails/INK2010talks/Raghava_KK_INK2010_Small.jpg
Mussaret Zaidi: Food need not be pathogen free to be safe,['Mussaret Zaidi'],http://www.inktalks.com/discover/32/food-need-not-be-pathogen-free-to-be-safe,https://s3.amazonaws.com/VideoThumbnails/INK2010talks/Mussaret_Zaidi_INK2010_Small.jpg
Nam Do: A headset that reads your mind,['Nam Do'],http://www.inktalks.com/discover/31/a-headset-that-reads-your-mind-1,https://s3.amazonaws.com/VideoThumbnails/INK2010talks/Nam_Do_INK2010_Small.jpg
Alexander Tsiaras: Images that move,['Alexander Tsiaras'],http://www.inktalks.com/discover/25/images-that-move,https://s3.amazonaws.com/VideoThumbnails/INK2010talks/Alexander_Tsiaras_INK2010_Images.jpg
Kevin Kelly: The seventh kingdom of life,['Kevin Kelly'],http://www.inktalks.com/discover/23/the-seventh-kingdom-of-life,https://s3.amazonaws.com/VideoThumbnails/INK2010talks/Kevin_Kelly_INK2010_432_243.jpg
Babar Ali: Thirst for knowledge,['Babar Ali'],http://www.inktalks.com/discover/19/thirst-for-knowledge,https://s3.amazonaws.com/VideoThumbnails/INK2010talks/Babar_Ali_INK2010.jpg
